id	domain	guardrail	title	phase	tier	readiness	gate	status	metric	target	safety_invariant
PERF-D01-G01	D01	G01	Boot and topology discovery: median latency	P0	T0+T1+T2	prototype	release	specified	latency_us_p50	p50 <= 500 us	Malformed firmware data fails closed and no task runs from an unvalidated topology
PERF-D01-G02	D01	G02	Boot and topology discovery: p99 latency	P0	T0+T1+T2	prototype	release	specified	latency_us_p99	p99 <= 1000 us	Malformed firmware data fails closed and no task runs from an unvalidated topology
PERF-D01-G03	D01	G03	Boot and topology discovery: p99.9 tail latency	P0	T0+T1+T2	prototype	release	specified	latency_us_p99_9	p99.9 <= 1500 us	Malformed firmware data fails closed and no task runs from an unvalidated topology
PERF-D01-G04	D01	G04	Boot and topology discovery: observed maximum and WCET bound	P0	T0+T1+T2	prototype	release	specified	latency_us_max	observed max <= 2000 us and declared bound has >= 20% evidence margin	Malformed firmware data fails closed and no task runs from an unvalidated topology
PERF-D01-G05	D01	G05	Boot and topology discovery: jitter envelope	P0	T0+T1+T2	prototype	release	specified	latency_jitter	p99-p50 <= 500 us and run-to-run p99 CV <= 5%	Malformed firmware data fails closed and no task runs from an unvalidated topology
PERF-D01-G06	D01	G06	Boot and topology discovery: median CPU cycles	P0	T0+T1+T2	prototype	release	specified	cpu_cycles_p50	p50 <= 1500000 cycles	Malformed firmware data fails closed and no task runs from an unvalidated topology
PERF-D01-G07	D01	G07	Boot and topology discovery: p99 CPU cycles	P0	T0+T1+T2	prototype	release	specified	cpu_cycles_p99	p99 <= 4000000 cycles	Malformed firmware data fails closed and no task runs from an unvalidated topology
PERF-D01-G08	D01	G08	Boot and topology discovery: microarchitectural efficiency	P0	T0+T1+T2	prototype	release	specified	instructions_branch_cache	retired instructions <= 8000000; branch misses <= 1%; L1D misses <= 3%	Malformed firmware data fails closed and no task runs from an unvalidated topology
PERF-D01-G09	D01	G09	Boot and topology discovery: image and feature footprint	P0	T0+T1+T2	prototype	release	specified	image_bytes	feature code plus read-only data delta <= 96 KiB	Malformed firmware data fails closed and no task runs from an unvalidated topology
PERF-D01-G10	D01	G10	Boot and topology discovery: peak working memory	P0	T0+T1+T2	prototype	release	specified	working_memory_kib	peak OS-owned working memory for work unit <= 128 KiB	Malformed firmware data fails closed and no task runs from an unvalidated topology
PERF-D01-G11	D01	G11	Boot and topology discovery: steady-state allocation count	P0	T0+T1+T2	prototype	release	specified	allocations_per_operation	heap allocations per steady-state work unit = 0; pool claims are separately counted	Malformed firmware data fails closed and no task runs from an unvalidated topology
PERF-D01-G12	D01	G12	Boot and topology discovery: allocation and reclamation latency	P0	T0+T1+T2	prototype	release	specified	allocation_latency_us_max	setup or pool allocation max <= 10 us; reclamation is bounded	Malformed firmware data fails closed and no task runs from an unvalidated topology
PERF-D01-G13	D01	G13	Boot and topology discovery: queue residence p99	P0	T0+T1+T2	prototype	release	specified	queue_wait_us_p99	enqueue-to-service p99 <= 50 us	Malformed firmware data fails closed and no task runs from an unvalidated topology
PERF-D01-G14	D01	G14	Boot and topology discovery: queue processing maximum	P0	T0+T1+T2	prototype	release	specified	queue_service_us_max	service-start-to-completion max <= 100 us	Malformed firmware data fails closed and no task runs from an unvalidated topology
PERF-D01-G15	D01	G15	Boot and topology discovery: sustained throughput floor	P0	T0+T1+T2	prototype	release	specified	throughput_per_second	sustained throughput >= 500 work units/s where hardware transport is excluded as documented	Malformed firmware data fails closed and no task runs from an unvalidated topology
PERF-D01-G16	D01	G16	Boot and topology discovery: burst and backpressure safety	P0	T0+T1+T2	prototype	release	specified	burst_recovery	2x throughput floor for 10 s; bounded queue; safety work completes <= 2000 us	Malformed firmware data fails closed and no task runs from an unvalidated topology
PERF-D01-G17	D01	G17	Boot and topology discovery: cold start latency	P0	T0+T1+T2	prototype	release	specified	cold_start_ms	cold start <= 50 ms with caches and device state reset as specified	Malformed firmware data fails closed and no task runs from an unvalidated topology
PERF-D01-G18	D01	G18	Boot and topology discovery: warm restart and reuse latency	P0	T0+T1+T2	prototype	release	specified	warm_start_us	warm restart or reuse <= 2000 us	Malformed firmware data fails closed and no task runs from an unvalidated topology
PERF-D01-G19	D01	G19	Boot and topology discovery: isolation under competing load	P0	T0+T1+T2	prototype	release	specified	loaded_degradation	p99 degradation <= 5%; max degradation <= 10%; hard deadline misses = 0	Malformed firmware data fails closed and no task runs from an unvalidated topology
PERF-D01-G20	D01	G20	Boot and topology discovery: security denial cost and safety	P0	T0+T1+T2	prototype	release	specified	denial_latency_and_state	denied or malformed work completes <= 1250 us; state changes = 0; allocations = 0	Malformed firmware data fails closed and no task runs from an unvalidated topology
PERF-D01-G21	D01	G21	Boot and topology discovery: exhaustion and fault containment	P0	T0+T1+T2	prototype	release	specified	fault_completion	fault decision and containment <= 2000 us; leaks deadlocks and unsafe retries = 0	Malformed firmware data fails closed and no task runs from an unvalidated topology
PERF-D01-G22	D01	G22	Boot and topology discovery: 72-hour soak stability	P0	T0+T1+T2	prototype	release	specified	soak_drift	72 h: hard deadline misses = 0; memory growth = 0; p99 drift <= 5%; unexpected safe-state transitions = 0	Malformed firmware data fails closed and no task runs from an unvalidated topology
PERF-D01-G23	D01	G23	Boot and topology discovery: spoor observability overhead	P0	T0+T1+T2	prototype	release	specified	observability_overhead	spoor enabled adds <= 2% p99 and <= 2% CPU cycles; allocations = 0; torn records = 0	Malformed firmware data fails closed and no task runs from an unvalidated topology
PERF-D01-G24	D01	G24	Boot and topology discovery: same-hardware Linux advantage	P0	T0+T1+T2	prototype	claim	specified	linux_comparison_ratio	to claim superiority: TinyOS p99 <= 0.5x Linux PREEMPT_RT and <= 0.25x vanilla Linux; footprint <= 0.1x	Malformed firmware data fails closed and no task runs from an unvalidated topology
PERF-D01-G25	D01	G25	Boot and topology discovery: same-hardware ten-times RTOS claim	P0	T0+T1+T2	prototype	claim	specified	rtos_comparison_ratio	to claim 10x: named primary metric improvement >= 10.0x versus median of at least 3 current RTOS baselines with equivalent safety	Malformed firmware data fails closed and no task runs from an unvalidated topology
PERF-D02-G01	D02	G01	Interrupt entry and exit: median latency	P1	T1+T2	unbuilt	release	specified	latency_us_p50	p50 <= 0.25 us	Interrupt storms cannot starve the safety timer or execute an unregistered handler
PERF-D02-G02	D02	G02	Interrupt entry and exit: p99 latency	P1	T1+T2	unbuilt	release	specified	latency_us_p99	p99 <= 0.5 us	Interrupt storms cannot starve the safety timer or execute an unregistered handler
PERF-D02-G03	D02	G03	Interrupt entry and exit: p99.9 tail latency	P1	T1+T2	unbuilt	release	specified	latency_us_p99_9	p99.9 <= 0.75 us	Interrupt storms cannot starve the safety timer or execute an unregistered handler
PERF-D02-G04	D02	G04	Interrupt entry and exit: observed maximum and WCET bound	P1	T1+T2	unbuilt	release	specified	latency_us_max	observed max <= 1 us and declared bound has >= 20% evidence margin	Interrupt storms cannot starve the safety timer or execute an unregistered handler
PERF-D02-G05	D02	G05	Interrupt entry and exit: jitter envelope	P1	T1+T2	unbuilt	release	specified	latency_jitter	p99-p50 <= 0.25 us and run-to-run p99 CV <= 5%	Interrupt storms cannot starve the safety timer or execute an unregistered handler
PERF-D02-G06	D02	G06	Interrupt entry and exit: median CPU cycles	P1	T1+T2	unbuilt	release	specified	cpu_cycles_p50	p50 <= 500 cycles	Interrupt storms cannot starve the safety timer or execute an unregistered handler
PERF-D02-G07	D02	G07	Interrupt entry and exit: p99 CPU cycles	P1	T1+T2	unbuilt	release	specified	cpu_cycles_p99	p99 <= 1000 cycles	Interrupt storms cannot starve the safety timer or execute an unregistered handler
PERF-D02-G08	D02	G08	Interrupt entry and exit: microarchitectural efficiency	P1	T1+T2	unbuilt	release	specified	instructions_branch_cache	retired instructions <= 2000; branch misses <= 1%; L1D misses <= 3%	Interrupt storms cannot starve the safety timer or execute an unregistered handler
PERF-D02-G09	D02	G09	Interrupt entry and exit: image and feature footprint	P1	T1+T2	unbuilt	release	specified	image_bytes	feature code plus read-only data delta <= 16 KiB	Interrupt storms cannot starve the safety timer or execute an unregistered handler
PERF-D02-G10	D02	G10	Interrupt entry and exit: peak working memory	P1	T1+T2	unbuilt	release	specified	working_memory_kib	peak OS-owned working memory for work unit <= 8 KiB	Interrupt storms cannot starve the safety timer or execute an unregistered handler
PERF-D02-G11	D02	G11	Interrupt entry and exit: steady-state allocation count	P1	T1+T2	unbuilt	release	specified	allocations_per_operation	heap allocations per steady-state work unit = 0; pool claims are separately counted	Interrupt storms cannot starve the safety timer or execute an unregistered handler
PERF-D02-G12	D02	G12	Interrupt entry and exit: allocation and reclamation latency	P1	T1+T2	unbuilt	release	specified	allocation_latency_us_max	setup or pool allocation max <= 1 us; reclamation is bounded	Interrupt storms cannot starve the safety timer or execute an unregistered handler
PERF-D02-G13	D02	G13	Interrupt entry and exit: queue residence p99	P1	T1+T2	unbuilt	release	specified	queue_wait_us_p99	enqueue-to-service p99 <= 2 us	Interrupt storms cannot starve the safety timer or execute an unregistered handler
PERF-D02-G14	D02	G14	Interrupt entry and exit: queue processing maximum	P1	T1+T2	unbuilt	release	specified	queue_service_us_max	service-start-to-completion max <= 5 us	Interrupt storms cannot starve the safety timer or execute an unregistered handler
PERF-D02-G15	D02	G15	Interrupt entry and exit: sustained throughput floor	P1	T1+T2	unbuilt	release	specified	throughput_per_second	sustained throughput >= 1000000 work units/s where hardware transport is excluded as documented	Interrupt storms cannot starve the safety timer or execute an unregistered handler
PERF-D02-G16	D02	G16	Interrupt entry and exit: burst and backpressure safety	P1	T1+T2	unbuilt	release	specified	burst_recovery	2x throughput floor for 10 s; bounded queue; safety work completes <= 1 us	Interrupt storms cannot starve the safety timer or execute an unregistered handler
PERF-D02-G17	D02	G17	Interrupt entry and exit: cold start latency	P1	T1+T2	unbuilt	release	specified	cold_start_ms	cold start <= 1 ms with caches and device state reset as specified	Interrupt storms cannot starve the safety timer or execute an unregistered handler
PERF-D02-G18	D02	G18	Interrupt entry and exit: warm restart and reuse latency	P1	T1+T2	unbuilt	release	specified	warm_start_us	warm restart or reuse <= 1 us	Interrupt storms cannot starve the safety timer or execute an unregistered handler
PERF-D02-G19	D02	G19	Interrupt entry and exit: isolation under competing load	P1	T1+T2	unbuilt	release	specified	loaded_degradation	p99 degradation <= 5%; max degradation <= 10%; hard deadline misses = 0	Interrupt storms cannot starve the safety timer or execute an unregistered handler
PERF-D02-G20	D02	G20	Interrupt entry and exit: security denial cost and safety	P1	T1+T2	unbuilt	release	specified	denial_latency_and_state	denied or malformed work completes <= 0.625 us; state changes = 0; allocations = 0	Interrupt storms cannot starve the safety timer or execute an unregistered handler
PERF-D02-G21	D02	G21	Interrupt entry and exit: exhaustion and fault containment	P1	T1+T2	unbuilt	release	specified	fault_completion	fault decision and containment <= 1 us; leaks deadlocks and unsafe retries = 0	Interrupt storms cannot starve the safety timer or execute an unregistered handler
PERF-D02-G22	D02	G22	Interrupt entry and exit: 72-hour soak stability	P1	T1+T2	unbuilt	release	specified	soak_drift	72 h: hard deadline misses = 0; memory growth = 0; p99 drift <= 5%; unexpected safe-state transitions = 0	Interrupt storms cannot starve the safety timer or execute an unregistered handler
PERF-D02-G23	D02	G23	Interrupt entry and exit: spoor observability overhead	P1	T1+T2	unbuilt	release	specified	observability_overhead	spoor enabled adds <= 2% p99 and <= 2% CPU cycles; allocations = 0; torn records = 0	Interrupt storms cannot starve the safety timer or execute an unregistered handler
PERF-D02-G24	D02	G24	Interrupt entry and exit: same-hardware Linux advantage	P1	T1+T2	unbuilt	claim	specified	linux_comparison_ratio	to claim superiority: TinyOS p99 <= 0.5x Linux PREEMPT_RT and <= 0.25x vanilla Linux; footprint <= 0.1x	Interrupt storms cannot starve the safety timer or execute an unregistered handler
PERF-D02-G25	D02	G25	Interrupt entry and exit: same-hardware ten-times RTOS claim	P1	T1+T2	unbuilt	claim	specified	rtos_comparison_ratio	to claim 10x: named primary metric improvement >= 10.0x versus median of at least 3 current RTOS baselines with equivalent safety	Interrupt storms cannot starve the safety timer or execute an unregistered handler
PERF-D03-G01	D03	G01	Timer tick and deadline accounting: median latency	P1	T0+T1+T2	partial	release	specified	latency_us_p50	p50 <= 0.15 us	A WCET overrun is detected once per budget window and reaches a bounded fail-safe handler
PERF-D03-G02	D03	G02	Timer tick and deadline accounting: p99 latency	P1	T0+T1+T2	partial	release	specified	latency_us_p99	p99 <= 0.3 us	A WCET overrun is detected once per budget window and reaches a bounded fail-safe handler
PERF-D03-G03	D03	G03	Timer tick and deadline accounting: p99.9 tail latency	P1	T0+T1+T2	partial	release	specified	latency_us_p99_9	p99.9 <= 0.5 us	A WCET overrun is detected once per budget window and reaches a bounded fail-safe handler
PERF-D03-G04	D03	G04	Timer tick and deadline accounting: observed maximum and WCET bound	P1	T0+T1+T2	partial	release	specified	latency_us_max	observed max <= 0.75 us and declared bound has >= 20% evidence margin	A WCET overrun is detected once per budget window and reaches a bounded fail-safe handler
PERF-D03-G05	D03	G05	Timer tick and deadline accounting: jitter envelope	P1	T0+T1+T2	partial	release	specified	latency_jitter	p99-p50 <= 0.15 us and run-to-run p99 CV <= 5%	A WCET overrun is detected once per budget window and reaches a bounded fail-safe handler
PERF-D03-G06	D03	G06	Timer tick and deadline accounting: median CPU cycles	P1	T0+T1+T2	partial	release	specified	cpu_cycles_p50	p50 <= 300 cycles	A WCET overrun is detected once per budget window and reaches a bounded fail-safe handler
PERF-D03-G07	D03	G07	Timer tick and deadline accounting: p99 CPU cycles	P1	T0+T1+T2	partial	release	specified	cpu_cycles_p99	p99 <= 600 cycles	A WCET overrun is detected once per budget window and reaches a bounded fail-safe handler
PERF-D03-G08	D03	G08	Timer tick and deadline accounting: microarchitectural efficiency	P1	T0+T1+T2	partial	release	specified	instructions_branch_cache	retired instructions <= 1200; branch misses <= 1%; L1D misses <= 3%	A WCET overrun is detected once per budget window and reaches a bounded fail-safe handler
PERF-D03-G09	D03	G09	Timer tick and deadline accounting: image and feature footprint	P1	T0+T1+T2	partial	release	specified	image_bytes	feature code plus read-only data delta <= 16 KiB	A WCET overrun is detected once per budget window and reaches a bounded fail-safe handler
PERF-D03-G10	D03	G10	Timer tick and deadline accounting: peak working memory	P1	T0+T1+T2	partial	release	specified	working_memory_kib	peak OS-owned working memory for work unit <= 8 KiB	A WCET overrun is detected once per budget window and reaches a bounded fail-safe handler
PERF-D03-G11	D03	G11	Timer tick and deadline accounting: steady-state allocation count	P1	T0+T1+T2	partial	release	specified	allocations_per_operation	heap allocations per steady-state work unit = 0; pool claims are separately counted	A WCET overrun is detected once per budget window and reaches a bounded fail-safe handler
PERF-D03-G12	D03	G12	Timer tick and deadline accounting: allocation and reclamation latency	P1	T0+T1+T2	partial	release	specified	allocation_latency_us_max	setup or pool allocation max <= 0.75 us; reclamation is bounded	A WCET overrun is detected once per budget window and reaches a bounded fail-safe handler
PERF-D03-G13	D03	G13	Timer tick and deadline accounting: queue residence p99	P1	T0+T1+T2	partial	release	specified	queue_wait_us_p99	enqueue-to-service p99 <= 2 us	A WCET overrun is detected once per budget window and reaches a bounded fail-safe handler
PERF-D03-G14	D03	G14	Timer tick and deadline accounting: queue processing maximum	P1	T0+T1+T2	partial	release	specified	queue_service_us_max	service-start-to-completion max <= 5 us	A WCET overrun is detected once per budget window and reaches a bounded fail-safe handler
PERF-D03-G15	D03	G15	Timer tick and deadline accounting: sustained throughput floor	P1	T0+T1+T2	partial	release	specified	throughput_per_second	sustained throughput >= 2000000 work units/s where hardware transport is excluded as documented	A WCET overrun is detected once per budget window and reaches a bounded fail-safe handler
PERF-D03-G16	D03	G16	Timer tick and deadline accounting: burst and backpressure safety	P1	T0+T1+T2	partial	release	specified	burst_recovery	2x throughput floor for 10 s; bounded queue; safety work completes <= 0.75 us	A WCET overrun is detected once per budget window and reaches a bounded fail-safe handler
PERF-D03-G17	D03	G17	Timer tick and deadline accounting: cold start latency	P1	T0+T1+T2	partial	release	specified	cold_start_ms	cold start <= 1 ms with caches and device state reset as specified	A WCET overrun is detected once per budget window and reaches a bounded fail-safe handler
PERF-D03-G18	D03	G18	Timer tick and deadline accounting: warm restart and reuse latency	P1	T0+T1+T2	partial	release	specified	warm_start_us	warm restart or reuse <= 1 us	A WCET overrun is detected once per budget window and reaches a bounded fail-safe handler
PERF-D03-G19	D03	G19	Timer tick and deadline accounting: isolation under competing load	P1	T0+T1+T2	partial	release	specified	loaded_degradation	p99 degradation <= 5%; max degradation <= 10%; hard deadline misses = 0	A WCET overrun is detected once per budget window and reaches a bounded fail-safe handler
PERF-D03-G20	D03	G20	Timer tick and deadline accounting: security denial cost and safety	P1	T0+T1+T2	partial	release	specified	denial_latency_and_state	denied or malformed work completes <= 0.375 us; state changes = 0; allocations = 0	A WCET overrun is detected once per budget window and reaches a bounded fail-safe handler
PERF-D03-G21	D03	G21	Timer tick and deadline accounting: exhaustion and fault containment	P1	T0+T1+T2	partial	release	specified	fault_completion	fault decision and containment <= 0.75 us; leaks deadlocks and unsafe retries = 0	A WCET overrun is detected once per budget window and reaches a bounded fail-safe handler
PERF-D03-G22	D03	G22	Timer tick and deadline accounting: 72-hour soak stability	P1	T0+T1+T2	partial	release	specified	soak_drift	72 h: hard deadline misses = 0; memory growth = 0; p99 drift <= 5%; unexpected safe-state transitions = 0	A WCET overrun is detected once per budget window and reaches a bounded fail-safe handler
PERF-D03-G23	D03	G23	Timer tick and deadline accounting: spoor observability overhead	P1	T0+T1+T2	partial	release	specified	observability_overhead	spoor enabled adds <= 2% p99 and <= 2% CPU cycles; allocations = 0; torn records = 0	A WCET overrun is detected once per budget window and reaches a bounded fail-safe handler
PERF-D03-G24	D03	G24	Timer tick and deadline accounting: same-hardware Linux advantage	P1	T0+T1+T2	partial	claim	specified	linux_comparison_ratio	to claim superiority: TinyOS p99 <= 0.5x Linux PREEMPT_RT and <= 0.25x vanilla Linux; footprint <= 0.1x	A WCET overrun is detected once per budget window and reaches a bounded fail-safe handler
PERF-D03-G25	D03	G25	Timer tick and deadline accounting: same-hardware ten-times RTOS claim	P1	T0+T1+T2	partial	claim	specified	rtos_comparison_ratio	to claim 10x: named primary metric improvement >= 10.0x versus median of at least 3 current RTOS baselines with equivalent safety	A WCET overrun is detected once per budget window and reaches a bounded fail-safe handler
PERF-D04-G01	D04	G01	Context switch: median latency	P0	T0+T1+T2	prototype	release	specified	latency_us_p50	p50 <= 0.3 us	All task-visible register protection and address-space state is preserved without cross-task leakage
PERF-D04-G02	D04	G02	Context switch: p99 latency	P0	T0+T1+T2	prototype	release	specified	latency_us_p99	p99 <= 0.6 us	All task-visible register protection and address-space state is preserved without cross-task leakage
PERF-D04-G03	D04	G03	Context switch: p99.9 tail latency	P0	T0+T1+T2	prototype	release	specified	latency_us_p99_9	p99.9 <= 0.9 us	All task-visible register protection and address-space state is preserved without cross-task leakage
PERF-D04-G04	D04	G04	Context switch: observed maximum and WCET bound	P0	T0+T1+T2	prototype	release	specified	latency_us_max	observed max <= 1.2 us and declared bound has >= 20% evidence margin	All task-visible register protection and address-space state is preserved without cross-task leakage
PERF-D04-G05	D04	G05	Context switch: jitter envelope	P0	T0+T1+T2	prototype	release	specified	latency_jitter	p99-p50 <= 0.3 us and run-to-run p99 CV <= 5%	All task-visible register protection and address-space state is preserved without cross-task leakage
PERF-D04-G06	D04	G06	Context switch: median CPU cycles	P0	T0+T1+T2	prototype	release	specified	cpu_cycles_p50	p50 <= 800 cycles	All task-visible register protection and address-space state is preserved without cross-task leakage
PERF-D04-G07	D04	G07	Context switch: p99 CPU cycles	P0	T0+T1+T2	prototype	release	specified	cpu_cycles_p99	p99 <= 1500 cycles	All task-visible register protection and address-space state is preserved without cross-task leakage
PERF-D04-G08	D04	G08	Context switch: microarchitectural efficiency	P0	T0+T1+T2	prototype	release	specified	instructions_branch_cache	retired instructions <= 3000; branch misses <= 1%; L1D misses <= 3%	All task-visible register protection and address-space state is preserved without cross-task leakage
PERF-D04-G09	D04	G09	Context switch: image and feature footprint	P0	T0+T1+T2	prototype	release	specified	image_bytes	feature code plus read-only data delta <= 12 KiB	All task-visible register protection and address-space state is preserved without cross-task leakage
PERF-D04-G10	D04	G10	Context switch: peak working memory	P0	T0+T1+T2	prototype	release	specified	working_memory_kib	peak OS-owned working memory for work unit <= 8 KiB	All task-visible register protection and address-space state is preserved without cross-task leakage
PERF-D04-G11	D04	G11	Context switch: steady-state allocation count	P0	T0+T1+T2	prototype	release	specified	allocations_per_operation	heap allocations per steady-state work unit = 0; pool claims are separately counted	All task-visible register protection and address-space state is preserved without cross-task leakage
PERF-D04-G12	D04	G12	Context switch: allocation and reclamation latency	P0	T0+T1+T2	prototype	release	specified	allocation_latency_us_max	setup or pool allocation max <= 1.2 us; reclamation is bounded	All task-visible register protection and address-space state is preserved without cross-task leakage
PERF-D04-G13	D04	G13	Context switch: queue residence p99	P0	T0+T1+T2	prototype	release	specified	queue_wait_us_p99	enqueue-to-service p99 <= 2 us	All task-visible register protection and address-space state is preserved without cross-task leakage
PERF-D04-G14	D04	G14	Context switch: queue processing maximum	P0	T0+T1+T2	prototype	release	specified	queue_service_us_max	service-start-to-completion max <= 5 us	All task-visible register protection and address-space state is preserved without cross-task leakage
PERF-D04-G15	D04	G15	Context switch: sustained throughput floor	P0	T0+T1+T2	prototype	release	specified	throughput_per_second	sustained throughput >= 1000000 work units/s where hardware transport is excluded as documented	All task-visible register protection and address-space state is preserved without cross-task leakage
PERF-D04-G16	D04	G16	Context switch: burst and backpressure safety	P0	T0+T1+T2	prototype	release	specified	burst_recovery	2x throughput floor for 10 s; bounded queue; safety work completes <= 1.2 us	All task-visible register protection and address-space state is preserved without cross-task leakage
PERF-D04-G17	D04	G17	Context switch: cold start latency	P0	T0+T1+T2	prototype	release	specified	cold_start_ms	cold start <= 1 ms with caches and device state reset as specified	All task-visible register protection and address-space state is preserved without cross-task leakage
PERF-D04-G18	D04	G18	Context switch: warm restart and reuse latency	P0	T0+T1+T2	prototype	release	specified	warm_start_us	warm restart or reuse <= 2 us	All task-visible register protection and address-space state is preserved without cross-task leakage
PERF-D04-G19	D04	G19	Context switch: isolation under competing load	P0	T0+T1+T2	prototype	release	specified	loaded_degradation	p99 degradation <= 5%; max degradation <= 10%; hard deadline misses = 0	All task-visible register protection and address-space state is preserved without cross-task leakage
PERF-D04-G20	D04	G20	Context switch: security denial cost and safety	P0	T0+T1+T2	prototype	release	specified	denial_latency_and_state	denied or malformed work completes <= 0.75 us; state changes = 0; allocations = 0	All task-visible register protection and address-space state is preserved without cross-task leakage
PERF-D04-G21	D04	G21	Context switch: exhaustion and fault containment	P0	T0+T1+T2	prototype	release	specified	fault_completion	fault decision and containment <= 1.2 us; leaks deadlocks and unsafe retries = 0	All task-visible register protection and address-space state is preserved without cross-task leakage
PERF-D04-G22	D04	G22	Context switch: 72-hour soak stability	P0	T0+T1+T2	prototype	release	specified	soak_drift	72 h: hard deadline misses = 0; memory growth = 0; p99 drift <= 5%; unexpected safe-state transitions = 0	All task-visible register protection and address-space state is preserved without cross-task leakage
PERF-D04-G23	D04	G23	Context switch: spoor observability overhead	P0	T0+T1+T2	prototype	release	specified	observability_overhead	spoor enabled adds <= 2% p99 and <= 2% CPU cycles; allocations = 0; torn records = 0	All task-visible register protection and address-space state is preserved without cross-task leakage
PERF-D04-G24	D04	G24	Context switch: same-hardware Linux advantage	P0	T0+T1+T2	prototype	claim	specified	linux_comparison_ratio	to claim superiority: TinyOS p99 <= 0.5x Linux PREEMPT_RT and <= 0.25x vanilla Linux; footprint <= 0.1x	All task-visible register protection and address-space state is preserved without cross-task leakage
PERF-D04-G25	D04	G25	Context switch: same-hardware ten-times RTOS claim	P0	T0+T1+T2	prototype	claim	specified	rtos_comparison_ratio	to claim 10x: named primary metric improvement >= 10.0x versus median of at least 3 current RTOS baselines with equivalent safety	All task-visible register protection and address-space state is preserved without cross-task leakage
PERF-D05-G01	D05	G01	Ready queue and dispatch: median latency	P1	T0+T1+T2	prototype-cooperative	release	specified	latency_us_p50	p50 <= 0.2 us	No blocked or lower-priority task runs ahead of a ready higher-priority safety task
PERF-D05-G02	D05	G02	Ready queue and dispatch: p99 latency	P1	T0+T1+T2	prototype-cooperative	release	specified	latency_us_p99	p99 <= 0.4 us	No blocked or lower-priority task runs ahead of a ready higher-priority safety task
PERF-D05-G03	D05	G03	Ready queue and dispatch: p99.9 tail latency	P1	T0+T1+T2	prototype-cooperative	release	specified	latency_us_p99_9	p99.9 <= 0.6 us	No blocked or lower-priority task runs ahead of a ready higher-priority safety task
PERF-D05-G04	D05	G04	Ready queue and dispatch: observed maximum and WCET bound	P1	T0+T1+T2	prototype-cooperative	release	specified	latency_us_max	observed max <= 0.8 us and declared bound has >= 20% evidence margin	No blocked or lower-priority task runs ahead of a ready higher-priority safety task
PERF-D05-G05	D05	G05	Ready queue and dispatch: jitter envelope	P1	T0+T1+T2	prototype-cooperative	release	specified	latency_jitter	p99-p50 <= 0.2 us and run-to-run p99 CV <= 5%	No blocked or lower-priority task runs ahead of a ready higher-priority safety task
PERF-D05-G06	D05	G06	Ready queue and dispatch: median CPU cycles	P1	T0+T1+T2	prototype-cooperative	release	specified	cpu_cycles_p50	p50 <= 500 cycles	No blocked or lower-priority task runs ahead of a ready higher-priority safety task
PERF-D05-G07	D05	G07	Ready queue and dispatch: p99 CPU cycles	P1	T0+T1+T2	prototype-cooperative	release	specified	cpu_cycles_p99	p99 <= 900 cycles	No blocked or lower-priority task runs ahead of a ready higher-priority safety task
PERF-D05-G08	D05	G08	Ready queue and dispatch: microarchitectural efficiency	P1	T0+T1+T2	prototype-cooperative	release	specified	instructions_branch_cache	retired instructions <= 1800; branch misses <= 1%; L1D misses <= 3%	No blocked or lower-priority task runs ahead of a ready higher-priority safety task
PERF-D05-G09	D05	G09	Ready queue and dispatch: image and feature footprint	P1	T0+T1+T2	prototype-cooperative	release	specified	image_bytes	feature code plus read-only data delta <= 24 KiB	No blocked or lower-priority task runs ahead of a ready higher-priority safety task
PERF-D05-G10	D05	G10	Ready queue and dispatch: peak working memory	P1	T0+T1+T2	prototype-cooperative	release	specified	working_memory_kib	peak OS-owned working memory for work unit <= 16 KiB	No blocked or lower-priority task runs ahead of a ready higher-priority safety task
PERF-D05-G11	D05	G11	Ready queue and dispatch: steady-state allocation count	P1	T0+T1+T2	prototype-cooperative	release	specified	allocations_per_operation	heap allocations per steady-state work unit = 0; pool claims are separately counted	No blocked or lower-priority task runs ahead of a ready higher-priority safety task
PERF-D05-G12	D05	G12	Ready queue and dispatch: allocation and reclamation latency	P1	T0+T1+T2	prototype-cooperative	release	specified	allocation_latency_us_max	setup or pool allocation max <= 0.8 us; reclamation is bounded	No blocked or lower-priority task runs ahead of a ready higher-priority safety task
PERF-D05-G13	D05	G13	Ready queue and dispatch: queue residence p99	P1	T0+T1+T2	prototype-cooperative	release	specified	queue_wait_us_p99	enqueue-to-service p99 <= 5 us	No blocked or lower-priority task runs ahead of a ready higher-priority safety task
PERF-D05-G14	D05	G14	Ready queue and dispatch: queue processing maximum	P1	T0+T1+T2	prototype-cooperative	release	specified	queue_service_us_max	service-start-to-completion max <= 10 us	No blocked or lower-priority task runs ahead of a ready higher-priority safety task
PERF-D05-G15	D05	G15	Ready queue and dispatch: sustained throughput floor	P1	T0+T1+T2	prototype-cooperative	release	specified	throughput_per_second	sustained throughput >= 1500000 work units/s where hardware transport is excluded as documented	No blocked or lower-priority task runs ahead of a ready higher-priority safety task
PERF-D05-G16	D05	G16	Ready queue and dispatch: burst and backpressure safety	P1	T0+T1+T2	prototype-cooperative	release	specified	burst_recovery	2x throughput floor for 10 s; bounded queue; safety work completes <= 0.8 us	No blocked or lower-priority task runs ahead of a ready higher-priority safety task
PERF-D05-G17	D05	G17	Ready queue and dispatch: cold start latency	P1	T0+T1+T2	prototype-cooperative	release	specified	cold_start_ms	cold start <= 1 ms with caches and device state reset as specified	No blocked or lower-priority task runs ahead of a ready higher-priority safety task
PERF-D05-G18	D05	G18	Ready queue and dispatch: warm restart and reuse latency	P1	T0+T1+T2	prototype-cooperative	release	specified	warm_start_us	warm restart or reuse <= 2 us	No blocked or lower-priority task runs ahead of a ready higher-priority safety task
PERF-D05-G19	D05	G19	Ready queue and dispatch: isolation under competing load	P1	T0+T1+T2	prototype-cooperative	release	specified	loaded_degradation	p99 degradation <= 5%; max degradation <= 10%; hard deadline misses = 0	No blocked or lower-priority task runs ahead of a ready higher-priority safety task
PERF-D05-G20	D05	G20	Ready queue and dispatch: security denial cost and safety	P1	T0+T1+T2	prototype-cooperative	release	specified	denial_latency_and_state	denied or malformed work completes <= 0.5 us; state changes = 0; allocations = 0	No blocked or lower-priority task runs ahead of a ready higher-priority safety task
PERF-D05-G21	D05	G21	Ready queue and dispatch: exhaustion and fault containment	P1	T0+T1+T2	prototype-cooperative	release	specified	fault_completion	fault decision and containment <= 0.8 us; leaks deadlocks and unsafe retries = 0	No blocked or lower-priority task runs ahead of a ready higher-priority safety task
PERF-D05-G22	D05	G22	Ready queue and dispatch: 72-hour soak stability	P1	T0+T1+T2	prototype-cooperative	release	specified	soak_drift	72 h: hard deadline misses = 0; memory growth = 0; p99 drift <= 5%; unexpected safe-state transitions = 0	No blocked or lower-priority task runs ahead of a ready higher-priority safety task
PERF-D05-G23	D05	G23	Ready queue and dispatch: spoor observability overhead	P1	T0+T1+T2	prototype-cooperative	release	specified	observability_overhead	spoor enabled adds <= 2% p99 and <= 2% CPU cycles; allocations = 0; torn records = 0	No blocked or lower-priority task runs ahead of a ready higher-priority safety task
PERF-D05-G24	D05	G24	Ready queue and dispatch: same-hardware Linux advantage	P1	T0+T1+T2	prototype-cooperative	claim	specified	linux_comparison_ratio	to claim superiority: TinyOS p99 <= 0.5x Linux PREEMPT_RT and <= 0.25x vanilla Linux; footprint <= 0.1x	No blocked or lower-priority task runs ahead of a ready higher-priority safety task
PERF-D05-G25	D05	G25	Ready queue and dispatch: same-hardware ten-times RTOS claim	P1	T0+T1+T2	prototype-cooperative	claim	specified	rtos_comparison_ratio	to claim 10x: named primary metric improvement >= 10.0x versus median of at least 3 current RTOS baselines with equivalent safety	No blocked or lower-priority task runs ahead of a ready higher-priority safety task
PERF-D06-G01	D06	G01	Priority inheritance lock: median latency	P1	Host+T0+HIL	prototype	release	specified	latency_us_p50	p50 <= 0.2 us	Nested contention never deboosts a holder below any outstanding inherited priority
PERF-D06-G02	D06	G02	Priority inheritance lock: p99 latency	P1	Host+T0+HIL	prototype	release	specified	latency_us_p99	p99 <= 0.5 us	Nested contention never deboosts a holder below any outstanding inherited priority
PERF-D06-G03	D06	G03	Priority inheritance lock: p99.9 tail latency	P1	Host+T0+HIL	prototype	release	specified	latency_us_p99_9	p99.9 <= 0.8 us	Nested contention never deboosts a holder below any outstanding inherited priority
PERF-D06-G04	D06	G04	Priority inheritance lock: observed maximum and WCET bound	P1	Host+T0+HIL	prototype	release	specified	latency_us_max	observed max <= 1 us and declared bound has >= 20% evidence margin	Nested contention never deboosts a holder below any outstanding inherited priority
PERF-D06-G05	D06	G05	Priority inheritance lock: jitter envelope	P1	Host+T0+HIL	prototype	release	specified	latency_jitter	p99-p50 <= 0.3 us and run-to-run p99 CV <= 5%	Nested contention never deboosts a holder below any outstanding inherited priority
PERF-D06-G06	D06	G06	Priority inheritance lock: median CPU cycles	P1	Host+T0+HIL	prototype	release	specified	cpu_cycles_p50	p50 <= 600 cycles	Nested contention never deboosts a holder below any outstanding inherited priority
PERF-D06-G07	D06	G07	Priority inheritance lock: p99 CPU cycles	P1	Host+T0+HIL	prototype	release	specified	cpu_cycles_p99	p99 <= 1200 cycles	Nested contention never deboosts a holder below any outstanding inherited priority
PERF-D06-G08	D06	G08	Priority inheritance lock: microarchitectural efficiency	P1	Host+T0+HIL	prototype	release	specified	instructions_branch_cache	retired instructions <= 2400; branch misses <= 1%; L1D misses <= 3%	Nested contention never deboosts a holder below any outstanding inherited priority
PERF-D06-G09	D06	G09	Priority inheritance lock: image and feature footprint	P1	Host+T0+HIL	prototype	release	specified	image_bytes	feature code plus read-only data delta <= 12 KiB	Nested contention never deboosts a holder below any outstanding inherited priority
PERF-D06-G10	D06	G10	Priority inheritance lock: peak working memory	P1	Host+T0+HIL	prototype	release	specified	working_memory_kib	peak OS-owned working memory for work unit <= 8 KiB	Nested contention never deboosts a holder below any outstanding inherited priority
PERF-D06-G11	D06	G11	Priority inheritance lock: steady-state allocation count	P1	Host+T0+HIL	prototype	release	specified	allocations_per_operation	heap allocations per steady-state work unit = 0; pool claims are separately counted	Nested contention never deboosts a holder below any outstanding inherited priority
PERF-D06-G12	D06	G12	Priority inheritance lock: allocation and reclamation latency	P1	Host+T0+HIL	prototype	release	specified	allocation_latency_us_max	setup or pool allocation max <= 1 us; reclamation is bounded	Nested contention never deboosts a holder below any outstanding inherited priority
PERF-D06-G13	D06	G13	Priority inheritance lock: queue residence p99	P1	Host+T0+HIL	prototype	release	specified	queue_wait_us_p99	enqueue-to-service p99 <= 5 us	Nested contention never deboosts a holder below any outstanding inherited priority
PERF-D06-G14	D06	G14	Priority inheritance lock: queue processing maximum	P1	Host+T0+HIL	prototype	release	specified	queue_service_us_max	service-start-to-completion max <= 10 us	Nested contention never deboosts a holder below any outstanding inherited priority
PERF-D06-G15	D06	G15	Priority inheritance lock: sustained throughput floor	P1	Host+T0+HIL	prototype	release	specified	throughput_per_second	sustained throughput >= 1000000 work units/s where hardware transport is excluded as documented	Nested contention never deboosts a holder below any outstanding inherited priority
PERF-D06-G16	D06	G16	Priority inheritance lock: burst and backpressure safety	P1	Host+T0+HIL	prototype	release	specified	burst_recovery	2x throughput floor for 10 s; bounded queue; safety work completes <= 1 us	Nested contention never deboosts a holder below any outstanding inherited priority
PERF-D06-G17	D06	G17	Priority inheritance lock: cold start latency	P1	Host+T0+HIL	prototype	release	specified	cold_start_ms	cold start <= 1 ms with caches and device state reset as specified	Nested contention never deboosts a holder below any outstanding inherited priority
PERF-D06-G18	D06	G18	Priority inheritance lock: warm restart and reuse latency	P1	Host+T0+HIL	prototype	release	specified	warm_start_us	warm restart or reuse <= 2 us	Nested contention never deboosts a holder below any outstanding inherited priority
PERF-D06-G19	D06	G19	Priority inheritance lock: isolation under competing load	P1	Host+T0+HIL	prototype	release	specified	loaded_degradation	p99 degradation <= 5%; max degradation <= 10%; hard deadline misses = 0	Nested contention never deboosts a holder below any outstanding inherited priority
PERF-D06-G20	D06	G20	Priority inheritance lock: security denial cost and safety	P1	Host+T0+HIL	prototype	release	specified	denial_latency_and_state	denied or malformed work completes <= 0.625 us; state changes = 0; allocations = 0	Nested contention never deboosts a holder below any outstanding inherited priority
PERF-D06-G21	D06	G21	Priority inheritance lock: exhaustion and fault containment	P1	Host+T0+HIL	prototype	release	specified	fault_completion	fault decision and containment <= 1 us; leaks deadlocks and unsafe retries = 0	Nested contention never deboosts a holder below any outstanding inherited priority
PERF-D06-G22	D06	G22	Priority inheritance lock: 72-hour soak stability	P1	Host+T0+HIL	prototype	release	specified	soak_drift	72 h: hard deadline misses = 0; memory growth = 0; p99 drift <= 5%; unexpected safe-state transitions = 0	Nested contention never deboosts a holder below any outstanding inherited priority
PERF-D06-G23	D06	G23	Priority inheritance lock: spoor observability overhead	P1	Host+T0+HIL	prototype	release	specified	observability_overhead	spoor enabled adds <= 2% p99 and <= 2% CPU cycles; allocations = 0; torn records = 0	Nested contention never deboosts a holder below any outstanding inherited priority
PERF-D06-G24	D06	G24	Priority inheritance lock: same-hardware Linux advantage	P1	Host+T0+HIL	prototype	claim	specified	linux_comparison_ratio	to claim superiority: TinyOS p99 <= 0.5x Linux PREEMPT_RT and <= 0.25x vanilla Linux; footprint <= 0.1x	Nested contention never deboosts a holder below any outstanding inherited priority
PERF-D06-G25	D06	G25	Priority inheritance lock: same-hardware ten-times RTOS claim	P1	Host+T0+HIL	prototype	claim	specified	rtos_comparison_ratio	to claim 10x: named primary metric improvement >= 10.0x versus median of at least 3 current RTOS baselines with equivalent safety	Nested contention never deboosts a holder below any outstanding inherited priority
PERF-D07-G01	D07	G01	Static pool allocation: median latency	P0	Host+T0+HIL	prototype	release	specified	latency_us_p50	p50 <= 0.05 us	Exhaustion is bounded and leaves the pool consistent with no stale-handle alias
PERF-D07-G02	D07	G02	Static pool allocation: p99 latency	P0	Host+T0+HIL	prototype	release	specified	latency_us_p99	p99 <= 0.1 us	Exhaustion is bounded and leaves the pool consistent with no stale-handle alias
PERF-D07-G03	D07	G03	Static pool allocation: p99.9 tail latency	P0	Host+T0+HIL	prototype	release	specified	latency_us_p99_9	p99.9 <= 0.15 us	Exhaustion is bounded and leaves the pool consistent with no stale-handle alias
PERF-D07-G04	D07	G04	Static pool allocation: observed maximum and WCET bound	P0	Host+T0+HIL	prototype	release	specified	latency_us_max	observed max <= 0.25 us and declared bound has >= 20% evidence margin	Exhaustion is bounded and leaves the pool consistent with no stale-handle alias
PERF-D07-G05	D07	G05	Static pool allocation: jitter envelope	P0	Host+T0+HIL	prototype	release	specified	latency_jitter	p99-p50 <= 0.05 us and run-to-run p99 CV <= 5%	Exhaustion is bounded and leaves the pool consistent with no stale-handle alias
PERF-D07-G06	D07	G06	Static pool allocation: median CPU cycles	P0	Host+T0+HIL	prototype	release	specified	cpu_cycles_p50	p50 <= 100 cycles	Exhaustion is bounded and leaves the pool consistent with no stale-handle alias
PERF-D07-G07	D07	G07	Static pool allocation: p99 CPU cycles	P0	Host+T0+HIL	prototype	release	specified	cpu_cycles_p99	p99 <= 250 cycles	Exhaustion is bounded and leaves the pool consistent with no stale-handle alias
PERF-D07-G08	D07	G08	Static pool allocation: microarchitectural efficiency	P0	Host+T0+HIL	prototype	release	specified	instructions_branch_cache	retired instructions <= 500; branch misses <= 1%; L1D misses <= 3%	Exhaustion is bounded and leaves the pool consistent with no stale-handle alias
PERF-D07-G09	D07	G09	Static pool allocation: image and feature footprint	P0	Host+T0+HIL	prototype	release	specified	image_bytes	feature code plus read-only data delta <= 16 KiB	Exhaustion is bounded and leaves the pool consistent with no stale-handle alias
PERF-D07-G10	D07	G10	Static pool allocation: peak working memory	P0	Host+T0+HIL	prototype	release	specified	working_memory_kib	peak OS-owned working memory for work unit <= 8 KiB	Exhaustion is bounded and leaves the pool consistent with no stale-handle alias
PERF-D07-G11	D07	G11	Static pool allocation: steady-state allocation count	P0	Host+T0+HIL	prototype	release	specified	allocations_per_operation	heap allocations per steady-state work unit = 0; pool claims are separately counted	Exhaustion is bounded and leaves the pool consistent with no stale-handle alias
PERF-D07-G12	D07	G12	Static pool allocation: allocation and reclamation latency	P0	Host+T0+HIL	prototype	release	specified	allocation_latency_us_max	setup or pool allocation max <= 0.25 us; reclamation is bounded	Exhaustion is bounded and leaves the pool consistent with no stale-handle alias
PERF-D07-G13	D07	G13	Static pool allocation: queue residence p99	P0	Host+T0+HIL	prototype	release	specified	queue_wait_us_p99	enqueue-to-service p99 <= 2 us	Exhaustion is bounded and leaves the pool consistent with no stale-handle alias
PERF-D07-G14	D07	G14	Static pool allocation: queue processing maximum	P0	Host+T0+HIL	prototype	release	specified	queue_service_us_max	service-start-to-completion max <= 5 us	Exhaustion is bounded and leaves the pool consistent with no stale-handle alias
PERF-D07-G15	D07	G15	Static pool allocation: sustained throughput floor	P0	Host+T0+HIL	prototype	release	specified	throughput_per_second	sustained throughput >= 5000000 work units/s where hardware transport is excluded as documented	Exhaustion is bounded and leaves the pool consistent with no stale-handle alias
PERF-D07-G16	D07	G16	Static pool allocation: burst and backpressure safety	P0	Host+T0+HIL	prototype	release	specified	burst_recovery	2x throughput floor for 10 s; bounded queue; safety work completes <= 0.25 us	Exhaustion is bounded and leaves the pool consistent with no stale-handle alias
PERF-D07-G17	D07	G17	Static pool allocation: cold start latency	P0	Host+T0+HIL	prototype	release	specified	cold_start_ms	cold start <= 1 ms with caches and device state reset as specified	Exhaustion is bounded and leaves the pool consistent with no stale-handle alias
PERF-D07-G18	D07	G18	Static pool allocation: warm restart and reuse latency	P0	Host+T0+HIL	prototype	release	specified	warm_start_us	warm restart or reuse <= 1 us	Exhaustion is bounded and leaves the pool consistent with no stale-handle alias
PERF-D07-G19	D07	G19	Static pool allocation: isolation under competing load	P0	Host+T0+HIL	prototype	release	specified	loaded_degradation	p99 degradation <= 5%; max degradation <= 10%; hard deadline misses = 0	Exhaustion is bounded and leaves the pool consistent with no stale-handle alias
PERF-D07-G20	D07	G20	Static pool allocation: security denial cost and safety	P0	Host+T0+HIL	prototype	release	specified	denial_latency_and_state	denied or malformed work completes <= 0.125 us; state changes = 0; allocations = 0	Exhaustion is bounded and leaves the pool consistent with no stale-handle alias
PERF-D07-G21	D07	G21	Static pool allocation: exhaustion and fault containment	P0	Host+T0+HIL	prototype	release	specified	fault_completion	fault decision and containment <= 0.25 us; leaks deadlocks and unsafe retries = 0	Exhaustion is bounded and leaves the pool consistent with no stale-handle alias
PERF-D07-G22	D07	G22	Static pool allocation: 72-hour soak stability	P0	Host+T0+HIL	prototype	release	specified	soak_drift	72 h: hard deadline misses = 0; memory growth = 0; p99 drift <= 5%; unexpected safe-state transitions = 0	Exhaustion is bounded and leaves the pool consistent with no stale-handle alias
PERF-D07-G23	D07	G23	Static pool allocation: spoor observability overhead	P0	Host+T0+HIL	prototype	release	specified	observability_overhead	spoor enabled adds <= 2% p99 and <= 2% CPU cycles; allocations = 0; torn records = 0	Exhaustion is bounded and leaves the pool consistent with no stale-handle alias
PERF-D07-G24	D07	G24	Static pool allocation: same-hardware Linux advantage	P0	Host+T0+HIL	prototype	claim	specified	linux_comparison_ratio	to claim superiority: TinyOS p99 <= 0.5x Linux PREEMPT_RT and <= 0.25x vanilla Linux; footprint <= 0.1x	Exhaustion is bounded and leaves the pool consistent with no stale-handle alias
PERF-D07-G25	D07	G25	Static pool allocation: same-hardware ten-times RTOS claim	P0	Host+T0+HIL	prototype	claim	specified	rtos_comparison_ratio	to claim 10x: named primary metric improvement >= 10.0x versus median of at least 3 current RTOS baselines with equivalent safety	Exhaustion is bounded and leaves the pool consistent with no stale-handle alias
PERF-D08-G01	D08	G01	Paging and address spaces: median latency	P0	Host+T0+T1+T2	prototype-inactive	release	specified	latency_us_p50	p50 <= 0.3 us	Mappings are canonical bounded W^X and cannot overlap kernel or another process
PERF-D08-G02	D08	G02	Paging and address spaces: p99 latency	P0	Host+T0+T1+T2	prototype-inactive	release	specified	latency_us_p99	p99 <= 0.7 us	Mappings are canonical bounded W^X and cannot overlap kernel or another process
PERF-D08-G03	D08	G03	Paging and address spaces: p99.9 tail latency	P0	Host+T0+T1+T2	prototype-inactive	release	specified	latency_us_p99_9	p99.9 <= 1 us	Mappings are canonical bounded W^X and cannot overlap kernel or another process
PERF-D08-G04	D08	G04	Paging and address spaces: observed maximum and WCET bound	P0	Host+T0+T1+T2	prototype-inactive	release	specified	latency_us_max	observed max <= 2 us and declared bound has >= 20% evidence margin	Mappings are canonical bounded W^X and cannot overlap kernel or another process
PERF-D08-G05	D08	G05	Paging and address spaces: jitter envelope	P0	Host+T0+T1+T2	prototype-inactive	release	specified	latency_jitter	p99-p50 <= 0.39999999999999997 us and run-to-run p99 CV <= 5%	Mappings are canonical bounded W^X and cannot overlap kernel or another process
PERF-D08-G06	D08	G06	Paging and address spaces: median CPU cycles	P0	Host+T0+T1+T2	prototype-inactive	release	specified	cpu_cycles_p50	p50 <= 1000 cycles	Mappings are canonical bounded W^X and cannot overlap kernel or another process
PERF-D08-G07	D08	G07	Paging and address spaces: p99 CPU cycles	P0	Host+T0+T1+T2	prototype-inactive	release	specified	cpu_cycles_p99	p99 <= 2500 cycles	Mappings are canonical bounded W^X and cannot overlap kernel or another process
PERF-D08-G08	D08	G08	Paging and address spaces: microarchitectural efficiency	P0	Host+T0+T1+T2	prototype-inactive	release	specified	instructions_branch_cache	retired instructions <= 5000; branch misses <= 1%; L1D misses <= 3%	Mappings are canonical bounded W^X and cannot overlap kernel or another process
PERF-D08-G09	D08	G09	Paging and address spaces: image and feature footprint	P0	Host+T0+T1+T2	prototype-inactive	release	specified	image_bytes	feature code plus read-only data delta <= 48 KiB	Mappings are canonical bounded W^X and cannot overlap kernel or another process
PERF-D08-G10	D08	G10	Paging and address spaces: peak working memory	P0	Host+T0+T1+T2	prototype-inactive	release	specified	working_memory_kib	peak OS-owned working memory for work unit <= 64 KiB	Mappings are canonical bounded W^X and cannot overlap kernel or another process
PERF-D08-G11	D08	G11	Paging and address spaces: steady-state allocation count	P0	Host+T0+T1+T2	prototype-inactive	release	specified	allocations_per_operation	heap allocations per steady-state work unit = 0; pool claims are separately counted	Mappings are canonical bounded W^X and cannot overlap kernel or another process
PERF-D08-G12	D08	G12	Paging and address spaces: allocation and reclamation latency	P0	Host+T0+T1+T2	prototype-inactive	release	specified	allocation_latency_us_max	setup or pool allocation max <= 2 us; reclamation is bounded	Mappings are canonical bounded W^X and cannot overlap kernel or another process
PERF-D08-G13	D08	G13	Paging and address spaces: queue residence p99	P0	Host+T0+T1+T2	prototype-inactive	release	specified	queue_wait_us_p99	enqueue-to-service p99 <= 20 us	Mappings are canonical bounded W^X and cannot overlap kernel or another process
PERF-D08-G14	D08	G14	Paging and address spaces: queue processing maximum	P0	Host+T0+T1+T2	prototype-inactive	release	specified	queue_service_us_max	service-start-to-completion max <= 50 us	Mappings are canonical bounded W^X and cannot overlap kernel or another process
PERF-D08-G15	D08	G15	Paging and address spaces: sustained throughput floor	P0	Host+T0+T1+T2	prototype-inactive	release	specified	throughput_per_second	sustained throughput >= 250000 work units/s where hardware transport is excluded as documented	Mappings are canonical bounded W^X and cannot overlap kernel or another process
PERF-D08-G16	D08	G16	Paging and address spaces: burst and backpressure safety	P0	Host+T0+T1+T2	prototype-inactive	release	specified	burst_recovery	2x throughput floor for 10 s; bounded queue; safety work completes <= 2 us	Mappings are canonical bounded W^X and cannot overlap kernel or another process
PERF-D08-G17	D08	G17	Paging and address spaces: cold start latency	P0	Host+T0+T1+T2	prototype-inactive	release	specified	cold_start_ms	cold start <= 2 ms with caches and device state reset as specified	Mappings are canonical bounded W^X and cannot overlap kernel or another process
PERF-D08-G18	D08	G18	Paging and address spaces: warm restart and reuse latency	P0	Host+T0+T1+T2	prototype-inactive	release	specified	warm_start_us	warm restart or reuse <= 5 us	Mappings are canonical bounded W^X and cannot overlap kernel or another process
PERF-D08-G19	D08	G19	Paging and address spaces: isolation under competing load	P0	Host+T0+T1+T2	prototype-inactive	release	specified	loaded_degradation	p99 degradation <= 5%; max degradation <= 10%; hard deadline misses = 0	Mappings are canonical bounded W^X and cannot overlap kernel or another process
PERF-D08-G20	D08	G20	Paging and address spaces: security denial cost and safety	P0	Host+T0+T1+T2	prototype-inactive	release	specified	denial_latency_and_state	denied or malformed work completes <= 0.875 us; state changes = 0; allocations = 0	Mappings are canonical bounded W^X and cannot overlap kernel or another process
PERF-D08-G21	D08	G21	Paging and address spaces: exhaustion and fault containment	P0	Host+T0+T1+T2	prototype-inactive	release	specified	fault_completion	fault decision and containment <= 2 us; leaks deadlocks and unsafe retries = 0	Mappings are canonical bounded W^X and cannot overlap kernel or another process
PERF-D08-G22	D08	G22	Paging and address spaces: 72-hour soak stability	P0	Host+T0+T1+T2	prototype-inactive	release	specified	soak_drift	72 h: hard deadline misses = 0; memory growth = 0; p99 drift <= 5%; unexpected safe-state transitions = 0	Mappings are canonical bounded W^X and cannot overlap kernel or another process
PERF-D08-G23	D08	G23	Paging and address spaces: spoor observability overhead	P0	Host+T0+T1+T2	prototype-inactive	release	specified	observability_overhead	spoor enabled adds <= 2% p99 and <= 2% CPU cycles; allocations = 0; torn records = 0	Mappings are canonical bounded W^X and cannot overlap kernel or another process
PERF-D08-G24	D08	G24	Paging and address spaces: same-hardware Linux advantage	P0	Host+T0+T1+T2	prototype-inactive	claim	specified	linux_comparison_ratio	to claim superiority: TinyOS p99 <= 0.5x Linux PREEMPT_RT and <= 0.25x vanilla Linux; footprint <= 0.1x	Mappings are canonical bounded W^X and cannot overlap kernel or another process
PERF-D08-G25	D08	G25	Paging and address spaces: same-hardware ten-times RTOS claim	P0	Host+T0+T1+T2	prototype-inactive	claim	specified	rtos_comparison_ratio	to claim 10x: named primary metric improvement >= 10.0x versus median of at least 3 current RTOS baselines with equivalent safety	Mappings are canonical bounded W^X and cannot overlap kernel or another process
PERF-D09-G01	D09	G01	PE64 loading and import validation: median latency	P0	Host+T0	prototype	release	specified	latency_us_p50	p50 <= 50 us	Malformed or non-allowlisted images execute zero instructions and mutate zero loader state
PERF-D09-G02	D09	G02	PE64 loading and import validation: p99 latency	P0	Host+T0	prototype	release	specified	latency_us_p99	p99 <= 100 us	Malformed or non-allowlisted images execute zero instructions and mutate zero loader state
PERF-D09-G03	D09	G03	PE64 loading and import validation: p99.9 tail latency	P0	Host+T0	prototype	release	specified	latency_us_p99_9	p99.9 <= 200 us	Malformed or non-allowlisted images execute zero instructions and mutate zero loader state
PERF-D09-G04	D09	G04	PE64 loading and import validation: observed maximum and WCET bound	P0	Host+T0	prototype	release	specified	latency_us_max	observed max <= 500 us and declared bound has >= 20% evidence margin	Malformed or non-allowlisted images execute zero instructions and mutate zero loader state
PERF-D09-G05	D09	G05	PE64 loading and import validation: jitter envelope	P0	Host+T0	prototype	release	specified	latency_jitter	p99-p50 <= 50 us and run-to-run p99 CV <= 5%	Malformed or non-allowlisted images execute zero instructions and mutate zero loader state
PERF-D09-G06	D09	G06	PE64 loading and import validation: median CPU cycles	P0	Host+T0	prototype	release	specified	cpu_cycles_p50	p50 <= 150000 cycles	Malformed or non-allowlisted images execute zero instructions and mutate zero loader state
PERF-D09-G07	D09	G07	PE64 loading and import validation: p99 CPU cycles	P0	Host+T0	prototype	release	specified	cpu_cycles_p99	p99 <= 500000 cycles	Malformed or non-allowlisted images execute zero instructions and mutate zero loader state
PERF-D09-G08	D09	G08	PE64 loading and import validation: microarchitectural efficiency	P0	Host+T0	prototype	release	specified	instructions_branch_cache	retired instructions <= 1000000; branch misses <= 1%; L1D misses <= 3%	Malformed or non-allowlisted images execute zero instructions and mutate zero loader state
PERF-D09-G09	D09	G09	PE64 loading and import validation: image and feature footprint	P0	Host+T0	prototype	release	specified	image_bytes	feature code plus read-only data delta <= 128 KiB	Malformed or non-allowlisted images execute zero instructions and mutate zero loader state
PERF-D09-G10	D09	G10	PE64 loading and import validation: peak working memory	P0	Host+T0	prototype	release	specified	working_memory_kib	peak OS-owned working memory for work unit <= 256 KiB	Malformed or non-allowlisted images execute zero instructions and mutate zero loader state
PERF-D09-G11	D09	G11	PE64 loading and import validation: steady-state allocation count	P0	Host+T0	prototype	release	specified	allocations_per_operation	heap allocations per steady-state work unit = 0; pool claims are separately counted	Malformed or non-allowlisted images execute zero instructions and mutate zero loader state
PERF-D09-G12	D09	G12	PE64 loading and import validation: allocation and reclamation latency	P0	Host+T0	prototype	release	specified	allocation_latency_us_max	setup or pool allocation max <= 10 us; reclamation is bounded	Malformed or non-allowlisted images execute zero instructions and mutate zero loader state
PERF-D09-G13	D09	G13	PE64 loading and import validation: queue residence p99	P0	Host+T0	prototype	release	specified	queue_wait_us_p99	enqueue-to-service p99 <= 100 us	Malformed or non-allowlisted images execute zero instructions and mutate zero loader state
PERF-D09-G14	D09	G14	PE64 loading and import validation: queue processing maximum	P0	Host+T0	prototype	release	specified	queue_service_us_max	service-start-to-completion max <= 250 us	Malformed or non-allowlisted images execute zero instructions and mutate zero loader state
PERF-D09-G15	D09	G15	PE64 loading and import validation: sustained throughput floor	P0	Host+T0	prototype	release	specified	throughput_per_second	sustained throughput >= 2000 work units/s where hardware transport is excluded as documented	Malformed or non-allowlisted images execute zero instructions and mutate zero loader state
PERF-D09-G16	D09	G16	PE64 loading and import validation: burst and backpressure safety	P0	Host+T0	prototype	release	specified	burst_recovery	2x throughput floor for 10 s; bounded queue; safety work completes <= 500 us	Malformed or non-allowlisted images execute zero instructions and mutate zero loader state
PERF-D09-G17	D09	G17	PE64 loading and import validation: cold start latency	P0	Host+T0	prototype	release	specified	cold_start_ms	cold start <= 10 ms with caches and device state reset as specified	Malformed or non-allowlisted images execute zero instructions and mutate zero loader state
PERF-D09-G18	D09	G18	PE64 loading and import validation: warm restart and reuse latency	P0	Host+T0	prototype	release	specified	warm_start_us	warm restart or reuse <= 500 us	Malformed or non-allowlisted images execute zero instructions and mutate zero loader state
PERF-D09-G19	D09	G19	PE64 loading and import validation: isolation under competing load	P0	Host+T0	prototype	release	specified	loaded_degradation	p99 degradation <= 5%; max degradation <= 10%; hard deadline misses = 0	Malformed or non-allowlisted images execute zero instructions and mutate zero loader state
PERF-D09-G20	D09	G20	PE64 loading and import validation: security denial cost and safety	P0	Host+T0	prototype	release	specified	denial_latency_and_state	denied or malformed work completes <= 125 us; state changes = 0; allocations = 0	Malformed or non-allowlisted images execute zero instructions and mutate zero loader state
PERF-D09-G21	D09	G21	PE64 loading and import validation: exhaustion and fault containment	P0	Host+T0	prototype	release	specified	fault_completion	fault decision and containment <= 500 us; leaks deadlocks and unsafe retries = 0	Malformed or non-allowlisted images execute zero instructions and mutate zero loader state
PERF-D09-G22	D09	G22	PE64 loading and import validation: 72-hour soak stability	P0	Host+T0	prototype	release	specified	soak_drift	72 h: hard deadline misses = 0; memory growth = 0; p99 drift <= 5%; unexpected safe-state transitions = 0	Malformed or non-allowlisted images execute zero instructions and mutate zero loader state
PERF-D09-G23	D09	G23	PE64 loading and import validation: spoor observability overhead	P0	Host+T0	prototype	release	specified	observability_overhead	spoor enabled adds <= 2% p99 and <= 2% CPU cycles; allocations = 0; torn records = 0	Malformed or non-allowlisted images execute zero instructions and mutate zero loader state
PERF-D09-G24	D09	G24	PE64 loading and import validation: same-hardware Linux advantage	P0	Host+T0	prototype	claim	specified	linux_comparison_ratio	to claim superiority: TinyOS p99 <= 0.5x Linux PREEMPT_RT and <= 0.25x vanilla Linux; footprint <= 0.1x	Malformed or non-allowlisted images execute zero instructions and mutate zero loader state
PERF-D09-G25	D09	G25	PE64 loading and import validation: same-hardware ten-times RTOS claim	P0	Host+T0	prototype	claim	specified	rtos_comparison_ratio	to claim 10x: named primary metric improvement >= 10.0x versus median of at least 3 current RTOS baselines with equivalent safety	Malformed or non-allowlisted images execute zero instructions and mutate zero loader state
PERF-D10-G01	D10	G01	ACI capability decision: median latency	P5	Host+T0+HIL	stand-in-only	release	specified	latency_us_p50	p50 <= 0.3 us	Every caller uses the same fail-closed policy path with no privileged bypass
PERF-D10-G02	D10	G02	ACI capability decision: p99 latency	P5	Host+T0+HIL	stand-in-only	release	specified	latency_us_p99	p99 <= 0.8 us	Every caller uses the same fail-closed policy path with no privileged bypass
PERF-D10-G03	D10	G03	ACI capability decision: p99.9 tail latency	P5	Host+T0+HIL	stand-in-only	release	specified	latency_us_p99_9	p99.9 <= 1.2 us	Every caller uses the same fail-closed policy path with no privileged bypass
PERF-D10-G04	D10	G04	ACI capability decision: observed maximum and WCET bound	P5	Host+T0+HIL	stand-in-only	release	specified	latency_us_max	observed max <= 2 us and declared bound has >= 20% evidence margin	Every caller uses the same fail-closed policy path with no privileged bypass
PERF-D10-G05	D10	G05	ACI capability decision: jitter envelope	P5	Host+T0+HIL	stand-in-only	release	specified	latency_jitter	p99-p50 <= 0.5 us and run-to-run p99 CV <= 5%	Every caller uses the same fail-closed policy path with no privileged bypass
PERF-D10-G06	D10	G06	ACI capability decision: median CPU cycles	P5	Host+T0+HIL	stand-in-only	release	specified	cpu_cycles_p50	p50 <= 1000 cycles	Every caller uses the same fail-closed policy path with no privileged bypass
PERF-D10-G07	D10	G07	ACI capability decision: p99 CPU cycles	P5	Host+T0+HIL	stand-in-only	release	specified	cpu_cycles_p99	p99 <= 2500 cycles	Every caller uses the same fail-closed policy path with no privileged bypass
PERF-D10-G08	D10	G08	ACI capability decision: microarchitectural efficiency	P5	Host+T0+HIL	stand-in-only	release	specified	instructions_branch_cache	retired instructions <= 5000; branch misses <= 1%; L1D misses <= 3%	Every caller uses the same fail-closed policy path with no privileged bypass
PERF-D10-G09	D10	G09	ACI capability decision: image and feature footprint	P5	Host+T0+HIL	stand-in-only	release	specified	image_bytes	feature code plus read-only data delta <= 128 KiB	Every caller uses the same fail-closed policy path with no privileged bypass
PERF-D10-G10	D10	G10	ACI capability decision: peak working memory	P5	Host+T0+HIL	stand-in-only	release	specified	working_memory_kib	peak OS-owned working memory for work unit <= 64 KiB	Every caller uses the same fail-closed policy path with no privileged bypass
PERF-D10-G11	D10	G11	ACI capability decision: steady-state allocation count	P5	Host+T0+HIL	stand-in-only	release	specified	allocations_per_operation	heap allocations per steady-state work unit = 0; pool claims are separately counted	Every caller uses the same fail-closed policy path with no privileged bypass
PERF-D10-G12	D10	G12	ACI capability decision: allocation and reclamation latency	P5	Host+T0+HIL	stand-in-only	release	specified	allocation_latency_us_max	setup or pool allocation max <= 2 us; reclamation is bounded	Every caller uses the same fail-closed policy path with no privileged bypass
PERF-D10-G13	D10	G13	ACI capability decision: queue residence p99	P5	Host+T0+HIL	stand-in-only	release	specified	queue_wait_us_p99	enqueue-to-service p99 <= 20 us	Every caller uses the same fail-closed policy path with no privileged bypass
PERF-D10-G14	D10	G14	ACI capability decision: queue processing maximum	P5	Host+T0+HIL	stand-in-only	release	specified	queue_service_us_max	service-start-to-completion max <= 50 us	Every caller uses the same fail-closed policy path with no privileged bypass
PERF-D10-G15	D10	G15	ACI capability decision: sustained throughput floor	P5	Host+T0+HIL	stand-in-only	release	specified	throughput_per_second	sustained throughput >= 500000 work units/s where hardware transport is excluded as documented	Every caller uses the same fail-closed policy path with no privileged bypass
PERF-D10-G16	D10	G16	ACI capability decision: burst and backpressure safety	P5	Host+T0+HIL	stand-in-only	release	specified	burst_recovery	2x throughput floor for 10 s; bounded queue; safety work completes <= 2 us	Every caller uses the same fail-closed policy path with no privileged bypass
PERF-D10-G17	D10	G17	ACI capability decision: cold start latency	P5	Host+T0+HIL	stand-in-only	release	specified	cold_start_ms	cold start <= 5 ms with caches and device state reset as specified	Every caller uses the same fail-closed policy path with no privileged bypass
PERF-D10-G18	D10	G18	ACI capability decision: warm restart and reuse latency	P5	Host+T0+HIL	stand-in-only	release	specified	warm_start_us	warm restart or reuse <= 5 us	Every caller uses the same fail-closed policy path with no privileged bypass
PERF-D10-G19	D10	G19	ACI capability decision: isolation under competing load	P5	Host+T0+HIL	stand-in-only	release	specified	loaded_degradation	p99 degradation <= 5%; max degradation <= 10%; hard deadline misses = 0	Every caller uses the same fail-closed policy path with no privileged bypass
PERF-D10-G20	D10	G20	ACI capability decision: security denial cost and safety	P5	Host+T0+HIL	stand-in-only	release	specified	denial_latency_and_state	denied or malformed work completes <= 1 us; state changes = 0; allocations = 0	Every caller uses the same fail-closed policy path with no privileged bypass
PERF-D10-G21	D10	G21	ACI capability decision: exhaustion and fault containment	P5	Host+T0+HIL	stand-in-only	release	specified	fault_completion	fault decision and containment <= 2 us; leaks deadlocks and unsafe retries = 0	Every caller uses the same fail-closed policy path with no privileged bypass
PERF-D10-G22	D10	G22	ACI capability decision: 72-hour soak stability	P5	Host+T0+HIL	stand-in-only	release	specified	soak_drift	72 h: hard deadline misses = 0; memory growth = 0; p99 drift <= 5%; unexpected safe-state transitions = 0	Every caller uses the same fail-closed policy path with no privileged bypass
PERF-D10-G23	D10	G23	ACI capability decision: spoor observability overhead	P5	Host+T0+HIL	stand-in-only	release	specified	observability_overhead	spoor enabled adds <= 2% p99 and <= 2% CPU cycles; allocations = 0; torn records = 0	Every caller uses the same fail-closed policy path with no privileged bypass
PERF-D10-G24	D10	G24	ACI capability decision: same-hardware Linux advantage	P5	Host+T0+HIL	stand-in-only	claim	specified	linux_comparison_ratio	to claim superiority: TinyOS p99 <= 0.5x Linux PREEMPT_RT and <= 0.25x vanilla Linux; footprint <= 0.1x	Every caller uses the same fail-closed policy path with no privileged bypass
PERF-D10-G25	D10	G25	ACI capability decision: same-hardware ten-times RTOS claim	P5	Host+T0+HIL	stand-in-only	claim	specified	rtos_comparison_ratio	to claim 10x: named primary metric improvement >= 10.0x versus median of at least 3 current RTOS baselines with equivalent safety	Every caller uses the same fail-closed policy path with no privileged bypass
PERF-D11-G01	D11	G01	Spoor stamp and journal: median latency	P0	Host+T0+HIL	prototype	release	specified	latency_us_p50	p50 <= 0.03 us	The newest safety event is never silently lost or exposed as a torn record
PERF-D11-G02	D11	G02	Spoor stamp and journal: p99 latency	P0	Host+T0+HIL	prototype	release	specified	latency_us_p99	p99 <= 0.06 us	The newest safety event is never silently lost or exposed as a torn record
PERF-D11-G03	D11	G03	Spoor stamp and journal: p99.9 tail latency	P0	Host+T0+HIL	prototype	release	specified	latency_us_p99_9	p99.9 <= 0.1 us	The newest safety event is never silently lost or exposed as a torn record
PERF-D11-G04	D11	G04	Spoor stamp and journal: observed maximum and WCET bound	P0	Host+T0+HIL	prototype	release	specified	latency_us_max	observed max <= 0.15 us and declared bound has >= 20% evidence margin	The newest safety event is never silently lost or exposed as a torn record
PERF-D11-G05	D11	G05	Spoor stamp and journal: jitter envelope	P0	Host+T0+HIL	prototype	release	specified	latency_jitter	p99-p50 <= 0.03 us and run-to-run p99 CV <= 5%	The newest safety event is never silently lost or exposed as a torn record
PERF-D11-G06	D11	G06	Spoor stamp and journal: median CPU cycles	P0	Host+T0+HIL	prototype	release	specified	cpu_cycles_p50	p50 <= 80 cycles	The newest safety event is never silently lost or exposed as a torn record
PERF-D11-G07	D11	G07	Spoor stamp and journal: p99 CPU cycles	P0	Host+T0+HIL	prototype	release	specified	cpu_cycles_p99	p99 <= 180 cycles	The newest safety event is never silently lost or exposed as a torn record
PERF-D11-G08	D11	G08	Spoor stamp and journal: microarchitectural efficiency	P0	Host+T0+HIL	prototype	release	specified	instructions_branch_cache	retired instructions <= 360; branch misses <= 1%; L1D misses <= 3%	The newest safety event is never silently lost or exposed as a torn record
PERF-D11-G09	D11	G09	Spoor stamp and journal: image and feature footprint	P0	Host+T0+HIL	prototype	release	specified	image_bytes	feature code plus read-only data delta <= 32 KiB	The newest safety event is never silently lost or exposed as a torn record
PERF-D11-G10	D11	G10	Spoor stamp and journal: peak working memory	P0	Host+T0+HIL	prototype	release	specified	working_memory_kib	peak OS-owned working memory for work unit <= 64 KiB	The newest safety event is never silently lost or exposed as a torn record
PERF-D11-G11	D11	G11	Spoor stamp and journal: steady-state allocation count	P0	Host+T0+HIL	prototype	release	specified	allocations_per_operation	heap allocations per steady-state work unit = 0; pool claims are separately counted	The newest safety event is never silently lost or exposed as a torn record
PERF-D11-G12	D11	G12	Spoor stamp and journal: allocation and reclamation latency	P0	Host+T0+HIL	prototype	release	specified	allocation_latency_us_max	setup or pool allocation max <= 0.25 us; reclamation is bounded	The newest safety event is never silently lost or exposed as a torn record
PERF-D11-G13	D11	G13	Spoor stamp and journal: queue residence p99	P0	Host+T0+HIL	prototype	release	specified	queue_wait_us_p99	enqueue-to-service p99 <= 2 us	The newest safety event is never silently lost or exposed as a torn record
PERF-D11-G14	D11	G14	Spoor stamp and journal: queue processing maximum	P0	Host+T0+HIL	prototype	release	specified	queue_service_us_max	service-start-to-completion max <= 5 us	The newest safety event is never silently lost or exposed as a torn record
PERF-D11-G15	D11	G15	Spoor stamp and journal: sustained throughput floor	P0	Host+T0+HIL	prototype	release	specified	throughput_per_second	sustained throughput >= 10000000 work units/s where hardware transport is excluded as documented	The newest safety event is never silently lost or exposed as a torn record
PERF-D11-G16	D11	G16	Spoor stamp and journal: burst and backpressure safety	P0	Host+T0+HIL	prototype	release	specified	burst_recovery	2x throughput floor for 10 s; bounded queue; safety work completes <= 0.15 us	The newest safety event is never silently lost or exposed as a torn record
PERF-D11-G17	D11	G17	Spoor stamp and journal: cold start latency	P0	Host+T0+HIL	prototype	release	specified	cold_start_ms	cold start <= 1 ms with caches and device state reset as specified	The newest safety event is never silently lost or exposed as a torn record
PERF-D11-G18	D11	G18	Spoor stamp and journal: warm restart and reuse latency	P0	Host+T0+HIL	prototype	release	specified	warm_start_us	warm restart or reuse <= 1 us	The newest safety event is never silently lost or exposed as a torn record
PERF-D11-G19	D11	G19	Spoor stamp and journal: isolation under competing load	P0	Host+T0+HIL	prototype	release	specified	loaded_degradation	p99 degradation <= 5%; max degradation <= 10%; hard deadline misses = 0	The newest safety event is never silently lost or exposed as a torn record
PERF-D11-G20	D11	G20	Spoor stamp and journal: security denial cost and safety	P0	Host+T0+HIL	prototype	release	specified	denial_latency_and_state	denied or malformed work completes <= 0.075 us; state changes = 0; allocations = 0	The newest safety event is never silently lost or exposed as a torn record
PERF-D11-G21	D11	G21	Spoor stamp and journal: exhaustion and fault containment	P0	Host+T0+HIL	prototype	release	specified	fault_completion	fault decision and containment <= 0.15 us; leaks deadlocks and unsafe retries = 0	The newest safety event is never silently lost or exposed as a torn record
PERF-D11-G22	D11	G22	Spoor stamp and journal: 72-hour soak stability	P0	Host+T0+HIL	prototype	release	specified	soak_drift	72 h: hard deadline misses = 0; memory growth = 0; p99 drift <= 5%; unexpected safe-state transitions = 0	The newest safety event is never silently lost or exposed as a torn record
PERF-D11-G23	D11	G23	Spoor stamp and journal: spoor observability overhead	P0	Host+T0+HIL	prototype	release	specified	observability_overhead	spoor enabled adds <= 2% p99 and <= 2% CPU cycles; allocations = 0; torn records = 0	The newest safety event is never silently lost or exposed as a torn record
PERF-D11-G24	D11	G24	Spoor stamp and journal: same-hardware Linux advantage	P0	Host+T0+HIL	prototype	claim	specified	linux_comparison_ratio	to claim superiority: TinyOS p99 <= 0.5x Linux PREEMPT_RT and <= 0.25x vanilla Linux; footprint <= 0.1x	The newest safety event is never silently lost or exposed as a torn record
PERF-D11-G25	D11	G25	Spoor stamp and journal: same-hardware ten-times RTOS claim	P0	Host+T0+HIL	prototype	claim	specified	rtos_comparison_ratio	to claim 10x: named primary metric improvement >= 10.0x versus median of at least 3 current RTOS baselines with equivalent safety	The newest safety event is never silently lost or exposed as a torn record
PERF-D12-G01	D12	G01	Local IPC message channel: median latency	P0	Host+T0+HIL	specified	release	specified	latency_us_p50	p50 <= 0.2 us	Backpressure is bounded and safety-lane messages cannot be displaced by bulk traffic
PERF-D12-G02	D12	G02	Local IPC message channel: p99 latency	P0	Host+T0+HIL	specified	release	specified	latency_us_p99	p99 <= 0.5 us	Backpressure is bounded and safety-lane messages cannot be displaced by bulk traffic
PERF-D12-G03	D12	G03	Local IPC message channel: p99.9 tail latency	P0	Host+T0+HIL	specified	release	specified	latency_us_p99_9	p99.9 <= 0.8 us	Backpressure is bounded and safety-lane messages cannot be displaced by bulk traffic
PERF-D12-G04	D12	G04	Local IPC message channel: observed maximum and WCET bound	P0	Host+T0+HIL	specified	release	specified	latency_us_max	observed max <= 1.5 us and declared bound has >= 20% evidence margin	Backpressure is bounded and safety-lane messages cannot be displaced by bulk traffic
PERF-D12-G05	D12	G05	Local IPC message channel: jitter envelope	P0	Host+T0+HIL	specified	release	specified	latency_jitter	p99-p50 <= 0.3 us and run-to-run p99 CV <= 5%	Backpressure is bounded and safety-lane messages cannot be displaced by bulk traffic
PERF-D12-G06	D12	G06	Local IPC message channel: median CPU cycles	P0	Host+T0+HIL	specified	release	specified	cpu_cycles_p50	p50 <= 600 cycles	Backpressure is bounded and safety-lane messages cannot be displaced by bulk traffic
PERF-D12-G07	D12	G07	Local IPC message channel: p99 CPU cycles	P0	Host+T0+HIL	specified	release	specified	cpu_cycles_p99	p99 <= 1500 cycles	Backpressure is bounded and safety-lane messages cannot be displaced by bulk traffic
PERF-D12-G08	D12	G08	Local IPC message channel: microarchitectural efficiency	P0	Host+T0+HIL	specified	release	specified	instructions_branch_cache	retired instructions <= 3000; branch misses <= 1%; L1D misses <= 3%	Backpressure is bounded and safety-lane messages cannot be displaced by bulk traffic
PERF-D12-G09	D12	G09	Local IPC message channel: image and feature footprint	P0	Host+T0+HIL	specified	release	specified	image_bytes	feature code plus read-only data delta <= 64 KiB	Backpressure is bounded and safety-lane messages cannot be displaced by bulk traffic
PERF-D12-G10	D12	G10	Local IPC message channel: peak working memory	P0	Host+T0+HIL	specified	release	specified	working_memory_kib	peak OS-owned working memory for work unit <= 128 KiB	Backpressure is bounded and safety-lane messages cannot be displaced by bulk traffic
PERF-D12-G11	D12	G11	Local IPC message channel: steady-state allocation count	P0	Host+T0+HIL	specified	release	specified	allocations_per_operation	heap allocations per steady-state work unit = 0; pool claims are separately counted	Backpressure is bounded and safety-lane messages cannot be displaced by bulk traffic
PERF-D12-G12	D12	G12	Local IPC message channel: allocation and reclamation latency	P0	Host+T0+HIL	specified	release	specified	allocation_latency_us_max	setup or pool allocation max <= 1.5 us; reclamation is bounded	Backpressure is bounded and safety-lane messages cannot be displaced by bulk traffic
PERF-D12-G13	D12	G13	Local IPC message channel: queue residence p99	P0	Host+T0+HIL	specified	release	specified	queue_wait_us_p99	enqueue-to-service p99 <= 10 us	Backpressure is bounded and safety-lane messages cannot be displaced by bulk traffic
PERF-D12-G14	D12	G14	Local IPC message channel: queue processing maximum	P0	Host+T0+HIL	specified	release	specified	queue_service_us_max	service-start-to-completion max <= 25 us	Backpressure is bounded and safety-lane messages cannot be displaced by bulk traffic
PERF-D12-G15	D12	G15	Local IPC message channel: sustained throughput floor	P0	Host+T0+HIL	specified	release	specified	throughput_per_second	sustained throughput >= 1000000 work units/s where hardware transport is excluded as documented	Backpressure is bounded and safety-lane messages cannot be displaced by bulk traffic
PERF-D12-G16	D12	G16	Local IPC message channel: burst and backpressure safety	P0	Host+T0+HIL	specified	release	specified	burst_recovery	2x throughput floor for 10 s; bounded queue; safety work completes <= 1.5 us	Backpressure is bounded and safety-lane messages cannot be displaced by bulk traffic
PERF-D12-G17	D12	G17	Local IPC message channel: cold start latency	P0	Host+T0+HIL	specified	release	specified	cold_start_ms	cold start <= 2 ms with caches and device state reset as specified	Backpressure is bounded and safety-lane messages cannot be displaced by bulk traffic
PERF-D12-G18	D12	G18	Local IPC message channel: warm restart and reuse latency	P0	Host+T0+HIL	specified	release	specified	warm_start_us	warm restart or reuse <= 3 us	Backpressure is bounded and safety-lane messages cannot be displaced by bulk traffic
PERF-D12-G19	D12	G19	Local IPC message channel: isolation under competing load	P0	Host+T0+HIL	specified	release	specified	loaded_degradation	p99 degradation <= 5%; max degradation <= 10%; hard deadline misses = 0	Backpressure is bounded and safety-lane messages cannot be displaced by bulk traffic
PERF-D12-G20	D12	G20	Local IPC message channel: security denial cost and safety	P0	Host+T0+HIL	specified	release	specified	denial_latency_and_state	denied or malformed work completes <= 0.625 us; state changes = 0; allocations = 0	Backpressure is bounded and safety-lane messages cannot be displaced by bulk traffic
PERF-D12-G21	D12	G21	Local IPC message channel: exhaustion and fault containment	P0	Host+T0+HIL	specified	release	specified	fault_completion	fault decision and containment <= 1.5 us; leaks deadlocks and unsafe retries = 0	Backpressure is bounded and safety-lane messages cannot be displaced by bulk traffic
PERF-D12-G22	D12	G22	Local IPC message channel: 72-hour soak stability	P0	Host+T0+HIL	specified	release	specified	soak_drift	72 h: hard deadline misses = 0; memory growth = 0; p99 drift <= 5%; unexpected safe-state transitions = 0	Backpressure is bounded and safety-lane messages cannot be displaced by bulk traffic
PERF-D12-G23	D12	G23	Local IPC message channel: spoor observability overhead	P0	Host+T0+HIL	specified	release	specified	observability_overhead	spoor enabled adds <= 2% p99 and <= 2% CPU cycles; allocations = 0; torn records = 0	Backpressure is bounded and safety-lane messages cannot be displaced by bulk traffic
PERF-D12-G24	D12	G24	Local IPC message channel: same-hardware Linux advantage	P0	Host+T0+HIL	specified	claim	specified	linux_comparison_ratio	to claim superiority: TinyOS p99 <= 0.5x Linux PREEMPT_RT and <= 0.25x vanilla Linux; footprint <= 0.1x	Backpressure is bounded and safety-lane messages cannot be displaced by bulk traffic
PERF-D12-G25	D12	G25	Local IPC message channel: same-hardware ten-times RTOS claim	P0	Host+T0+HIL	specified	claim	specified	rtos_comparison_ratio	to claim 10x: named primary metric improvement >= 10.0x versus median of at least 3 current RTOS baselines with equivalent safety	Backpressure is bounded and safety-lane messages cannot be displaced by bulk traffic
PERF-D13-G01	D13	G01	Shared-memory grant: median latency	P0	Host+T0+HIL	specified	release	specified	latency_us_p50	p50 <= 0.5 us	Revocation is complete before reuse and a peer never gains ambient memory access
PERF-D13-G02	D13	G02	Shared-memory grant: p99 latency	P0	Host+T0+HIL	specified	release	specified	latency_us_p99	p99 <= 1 us	Revocation is complete before reuse and a peer never gains ambient memory access
PERF-D13-G03	D13	G03	Shared-memory grant: p99.9 tail latency	P0	Host+T0+HIL	specified	release	specified	latency_us_p99_9	p99.9 <= 2 us	Revocation is complete before reuse and a peer never gains ambient memory access
PERF-D13-G04	D13	G04	Shared-memory grant: observed maximum and WCET bound	P0	Host+T0+HIL	specified	release	specified	latency_us_max	observed max <= 4 us and declared bound has >= 20% evidence margin	Revocation is complete before reuse and a peer never gains ambient memory access
PERF-D13-G05	D13	G05	Shared-memory grant: jitter envelope	P0	Host+T0+HIL	specified	release	specified	latency_jitter	p99-p50 <= 0.5 us and run-to-run p99 CV <= 5%	Revocation is complete before reuse and a peer never gains ambient memory access
PERF-D13-G06	D13	G06	Shared-memory grant: median CPU cycles	P0	Host+T0+HIL	specified	release	specified	cpu_cycles_p50	p50 <= 1500 cycles	Revocation is complete before reuse and a peer never gains ambient memory access
PERF-D13-G07	D13	G07	Shared-memory grant: p99 CPU cycles	P0	Host+T0+HIL	specified	release	specified	cpu_cycles_p99	p99 <= 4000 cycles	Revocation is complete before reuse and a peer never gains ambient memory access
PERF-D13-G08	D13	G08	Shared-memory grant: microarchitectural efficiency	P0	Host+T0+HIL	specified	release	specified	instructions_branch_cache	retired instructions <= 8000; branch misses <= 1%; L1D misses <= 3%	Revocation is complete before reuse and a peer never gains ambient memory access
PERF-D13-G09	D13	G09	Shared-memory grant: image and feature footprint	P0	Host+T0+HIL	specified	release	specified	image_bytes	feature code plus read-only data delta <= 64 KiB	Revocation is complete before reuse and a peer never gains ambient memory access
PERF-D13-G10	D13	G10	Shared-memory grant: peak working memory	P0	Host+T0+HIL	specified	release	specified	working_memory_kib	peak OS-owned working memory for work unit <= 128 KiB	Revocation is complete before reuse and a peer never gains ambient memory access
PERF-D13-G11	D13	G11	Shared-memory grant: steady-state allocation count	P0	Host+T0+HIL	specified	release	specified	allocations_per_operation	heap allocations per steady-state work unit = 0; pool claims are separately counted	Revocation is complete before reuse and a peer never gains ambient memory access
PERF-D13-G12	D13	G12	Shared-memory grant: allocation and reclamation latency	P0	Host+T0+HIL	specified	release	specified	allocation_latency_us_max	setup or pool allocation max <= 4 us; reclamation is bounded	Revocation is complete before reuse and a peer never gains ambient memory access
PERF-D13-G13	D13	G13	Shared-memory grant: queue residence p99	P0	Host+T0+HIL	specified	release	specified	queue_wait_us_p99	enqueue-to-service p99 <= 20 us	Revocation is complete before reuse and a peer never gains ambient memory access
PERF-D13-G14	D13	G14	Shared-memory grant: queue processing maximum	P0	Host+T0+HIL	specified	release	specified	queue_service_us_max	service-start-to-completion max <= 50 us	Revocation is complete before reuse and a peer never gains ambient memory access
PERF-D13-G15	D13	G15	Shared-memory grant: sustained throughput floor	P0	Host+T0+HIL	specified	release	specified	throughput_per_second	sustained throughput >= 250000 work units/s where hardware transport is excluded as documented	Revocation is complete before reuse and a peer never gains ambient memory access
PERF-D13-G16	D13	G16	Shared-memory grant: burst and backpressure safety	P0	Host+T0+HIL	specified	release	specified	burst_recovery	2x throughput floor for 10 s; bounded queue; safety work completes <= 4 us	Revocation is complete before reuse and a peer never gains ambient memory access
PERF-D13-G17	D13	G17	Shared-memory grant: cold start latency	P0	Host+T0+HIL	specified	release	specified	cold_start_ms	cold start <= 2 ms with caches and device state reset as specified	Revocation is complete before reuse and a peer never gains ambient memory access
PERF-D13-G18	D13	G18	Shared-memory grant: warm restart and reuse latency	P0	Host+T0+HIL	specified	release	specified	warm_start_us	warm restart or reuse <= 5 us	Revocation is complete before reuse and a peer never gains ambient memory access
PERF-D13-G19	D13	G19	Shared-memory grant: isolation under competing load	P0	Host+T0+HIL	specified	release	specified	loaded_degradation	p99 degradation <= 5%; max degradation <= 10%; hard deadline misses = 0	Revocation is complete before reuse and a peer never gains ambient memory access
PERF-D13-G20	D13	G20	Shared-memory grant: security denial cost and safety	P0	Host+T0+HIL	specified	release	specified	denial_latency_and_state	denied or malformed work completes <= 1.25 us; state changes = 0; allocations = 0	Revocation is complete before reuse and a peer never gains ambient memory access
PERF-D13-G21	D13	G21	Shared-memory grant: exhaustion and fault containment	P0	Host+T0+HIL	specified	release	specified	fault_completion	fault decision and containment <= 4 us; leaks deadlocks and unsafe retries = 0	Revocation is complete before reuse and a peer never gains ambient memory access
PERF-D13-G22	D13	G22	Shared-memory grant: 72-hour soak stability	P0	Host+T0+HIL	specified	release	specified	soak_drift	72 h: hard deadline misses = 0; memory growth = 0; p99 drift <= 5%; unexpected safe-state transitions = 0	Revocation is complete before reuse and a peer never gains ambient memory access
PERF-D13-G23	D13	G23	Shared-memory grant: spoor observability overhead	P0	Host+T0+HIL	specified	release	specified	observability_overhead	spoor enabled adds <= 2% p99 and <= 2% CPU cycles; allocations = 0; torn records = 0	Revocation is complete before reuse and a peer never gains ambient memory access
PERF-D13-G24	D13	G24	Shared-memory grant: same-hardware Linux advantage	P0	Host+T0+HIL	specified	claim	specified	linux_comparison_ratio	to claim superiority: TinyOS p99 <= 0.5x Linux PREEMPT_RT and <= 0.25x vanilla Linux; footprint <= 0.1x	Revocation is complete before reuse and a peer never gains ambient memory access
PERF-D13-G25	D13	G25	Shared-memory grant: same-hardware ten-times RTOS claim	P0	Host+T0+HIL	specified	claim	specified	rtos_comparison_ratio	to claim 10x: named primary metric improvement >= 10.0x versus median of at least 3 current RTOS baselines with equivalent safety	Revocation is complete before reuse and a peer never gains ambient memory access
PERF-D14-G01	D14	G01	Storage and file access: median latency	P3	T0+T1+T2	stand-in-only	release	specified	latency_us_p50	p50 <= 0.4 us	Bounds permissions durability policy and cancellation are checked before device access
PERF-D14-G02	D14	G02	Storage and file access: p99 latency	P3	T0+T1+T2	stand-in-only	release	specified	latency_us_p99	p99 <= 1 us	Bounds permissions durability policy and cancellation are checked before device access
PERF-D14-G03	D14	G03	Storage and file access: p99.9 tail latency	P3	T0+T1+T2	stand-in-only	release	specified	latency_us_p99_9	p99.9 <= 2 us	Bounds permissions durability policy and cancellation are checked before device access
PERF-D14-G04	D14	G04	Storage and file access: observed maximum and WCET bound	P3	T0+T1+T2	stand-in-only	release	specified	latency_us_max	observed max <= 5 us and declared bound has >= 20% evidence margin	Bounds permissions durability policy and cancellation are checked before device access
PERF-D14-G05	D14	G05	Storage and file access: jitter envelope	P3	T0+T1+T2	stand-in-only	release	specified	latency_jitter	p99-p50 <= 0.6 us and run-to-run p99 CV <= 5%	Bounds permissions durability policy and cancellation are checked before device access
PERF-D14-G06	D14	G06	Storage and file access: median CPU cycles	P3	T0+T1+T2	stand-in-only	release	specified	cpu_cycles_p50	p50 <= 2000 cycles	Bounds permissions durability policy and cancellation are checked before device access
PERF-D14-G07	D14	G07	Storage and file access: p99 CPU cycles	P3	T0+T1+T2	stand-in-only	release	specified	cpu_cycles_p99	p99 <= 6000 cycles	Bounds permissions durability policy and cancellation are checked before device access
PERF-D14-G08	D14	G08	Storage and file access: microarchitectural efficiency	P3	T0+T1+T2	stand-in-only	release	specified	instructions_branch_cache	retired instructions <= 12000; branch misses <= 1%; L1D misses <= 3%	Bounds permissions durability policy and cancellation are checked before device access
PERF-D14-G09	D14	G09	Storage and file access: image and feature footprint	P3	T0+T1+T2	stand-in-only	release	specified	image_bytes	feature code plus read-only data delta <= 256 KiB	Bounds permissions durability policy and cancellation are checked before device access
PERF-D14-G10	D14	G10	Storage and file access: peak working memory	P3	T0+T1+T2	stand-in-only	release	specified	working_memory_kib	peak OS-owned working memory for work unit <= 512 KiB	Bounds permissions durability policy and cancellation are checked before device access
PERF-D14-G11	D14	G11	Storage and file access: steady-state allocation count	P3	T0+T1+T2	stand-in-only	release	specified	allocations_per_operation	heap allocations per steady-state work unit = 0; pool claims are separately counted	Bounds permissions durability policy and cancellation are checked before device access
PERF-D14-G12	D14	G12	Storage and file access: allocation and reclamation latency	P3	T0+T1+T2	stand-in-only	release	specified	allocation_latency_us_max	setup or pool allocation max <= 5 us; reclamation is bounded	Bounds permissions durability policy and cancellation are checked before device access
PERF-D14-G13	D14	G13	Storage and file access: queue residence p99	P3	T0+T1+T2	stand-in-only	release	specified	queue_wait_us_p99	enqueue-to-service p99 <= 50 us	Bounds permissions durability policy and cancellation are checked before device access
PERF-D14-G14	D14	G14	Storage and file access: queue processing maximum	P3	T0+T1+T2	stand-in-only	release	specified	queue_service_us_max	service-start-to-completion max <= 100 us	Bounds permissions durability policy and cancellation are checked before device access
PERF-D14-G15	D14	G15	Storage and file access: sustained throughput floor	P3	T0+T1+T2	stand-in-only	release	specified	throughput_per_second	sustained throughput >= 200000 work units/s where hardware transport is excluded as documented	Bounds permissions durability policy and cancellation are checked before device access
PERF-D14-G16	D14	G16	Storage and file access: burst and backpressure safety	P3	T0+T1+T2	stand-in-only	release	specified	burst_recovery	2x throughput floor for 10 s; bounded queue; safety work completes <= 5 us	Bounds permissions durability policy and cancellation are checked before device access
PERF-D14-G17	D14	G17	Storage and file access: cold start latency	P3	T0+T1+T2	stand-in-only	release	specified	cold_start_ms	cold start <= 10 ms with caches and device state reset as specified	Bounds permissions durability policy and cancellation are checked before device access
PERF-D14-G18	D14	G18	Storage and file access: warm restart and reuse latency	P3	T0+T1+T2	stand-in-only	release	specified	warm_start_us	warm restart or reuse <= 5 us	Bounds permissions durability policy and cancellation are checked before device access
PERF-D14-G19	D14	G19	Storage and file access: isolation under competing load	P3	T0+T1+T2	stand-in-only	release	specified	loaded_degradation	p99 degradation <= 5%; max degradation <= 10%; hard deadline misses = 0	Bounds permissions durability policy and cancellation are checked before device access
PERF-D14-G20	D14	G20	Storage and file access: security denial cost and safety	P3	T0+T1+T2	stand-in-only	release	specified	denial_latency_and_state	denied or malformed work completes <= 1.25 us; state changes = 0; allocations = 0	Bounds permissions durability policy and cancellation are checked before device access
PERF-D14-G21	D14	G21	Storage and file access: exhaustion and fault containment	P3	T0+T1+T2	stand-in-only	release	specified	fault_completion	fault decision and containment <= 5 us; leaks deadlocks and unsafe retries = 0	Bounds permissions durability policy and cancellation are checked before device access
PERF-D14-G22	D14	G22	Storage and file access: 72-hour soak stability	P3	T0+T1+T2	stand-in-only	release	specified	soak_drift	72 h: hard deadline misses = 0; memory growth = 0; p99 drift <= 5%; unexpected safe-state transitions = 0	Bounds permissions durability policy and cancellation are checked before device access
PERF-D14-G23	D14	G23	Storage and file access: spoor observability overhead	P3	T0+T1+T2	stand-in-only	release	specified	observability_overhead	spoor enabled adds <= 2% p99 and <= 2% CPU cycles; allocations = 0; torn records = 0	Bounds permissions durability policy and cancellation are checked before device access
PERF-D14-G24	D14	G24	Storage and file access: same-hardware Linux advantage	P3	T0+T1+T2	stand-in-only	claim	specified	linux_comparison_ratio	to claim superiority: TinyOS p99 <= 0.5x Linux PREEMPT_RT and <= 0.25x vanilla Linux; footprint <= 0.1x	Bounds permissions durability policy and cancellation are checked before device access
PERF-D14-G25	D14	G25	Storage and file access: same-hardware ten-times RTOS claim	P3	T0+T1+T2	stand-in-only	claim	specified	rtos_comparison_ratio	to claim 10x: named primary metric improvement >= 10.0x versus median of at least 3 current RTOS baselines with equivalent safety	Bounds permissions durability policy and cancellation are checked before device access
PERF-D15-G01	D15	G01	Model mmap and page access: median latency	P6B	T1+T2	design	release	specified	latency_us_p50	p50 <= 0.1 us	Every pointer is format-validated bounds-checked revocable and isolated from RT memory
PERF-D15-G02	D15	G02	Model mmap and page access: p99 latency	P6B	T1+T2	design	release	specified	latency_us_p99	p99 <= 0.3 us	Every pointer is format-validated bounds-checked revocable and isolated from RT memory
PERF-D15-G03	D15	G03	Model mmap and page access: p99.9 tail latency	P6B	T1+T2	design	release	specified	latency_us_p99_9	p99.9 <= 0.5 us	Every pointer is format-validated bounds-checked revocable and isolated from RT memory
PERF-D15-G04	D15	G04	Model mmap and page access: observed maximum and WCET bound	P6B	T1+T2	design	release	specified	latency_us_max	observed max <= 1 us and declared bound has >= 20% evidence margin	Every pointer is format-validated bounds-checked revocable and isolated from RT memory
PERF-D15-G05	D15	G05	Model mmap and page access: jitter envelope	P6B	T1+T2	design	release	specified	latency_jitter	p99-p50 <= 0.19999999999999998 us and run-to-run p99 CV <= 5%	Every pointer is format-validated bounds-checked revocable and isolated from RT memory
PERF-D15-G06	D15	G06	Model mmap and page access: median CPU cycles	P6B	T1+T2	design	release	specified	cpu_cycles_p50	p50 <= 300 cycles	Every pointer is format-validated bounds-checked revocable and isolated from RT memory
PERF-D15-G07	D15	G07	Model mmap and page access: p99 CPU cycles	P6B	T1+T2	design	release	specified	cpu_cycles_p99	p99 <= 800 cycles	Every pointer is format-validated bounds-checked revocable and isolated from RT memory
PERF-D15-G08	D15	G08	Model mmap and page access: microarchitectural efficiency	P6B	T1+T2	design	release	specified	instructions_branch_cache	retired instructions <= 1600; branch misses <= 1%; L1D misses <= 3%	Every pointer is format-validated bounds-checked revocable and isolated from RT memory
PERF-D15-G09	D15	G09	Model mmap and page access: image and feature footprint	P6B	T1+T2	design	release	specified	image_bytes	feature code plus read-only data delta <= 256 KiB	Every pointer is format-validated bounds-checked revocable and isolated from RT memory
PERF-D15-G10	D15	G10	Model mmap and page access: peak working memory	P6B	T1+T2	design	release	specified	working_memory_kib	peak OS-owned working memory for work unit <= 512 KiB	Every pointer is format-validated bounds-checked revocable and isolated from RT memory
PERF-D15-G11	D15	G11	Model mmap and page access: steady-state allocation count	P6B	T1+T2	design	release	specified	allocations_per_operation	heap allocations per steady-state work unit = 0; pool claims are separately counted	Every pointer is format-validated bounds-checked revocable and isolated from RT memory
PERF-D15-G12	D15	G12	Model mmap and page access: allocation and reclamation latency	P6B	T1+T2	design	release	specified	allocation_latency_us_max	setup or pool allocation max <= 1 us; reclamation is bounded	Every pointer is format-validated bounds-checked revocable and isolated from RT memory
PERF-D15-G13	D15	G13	Model mmap and page access: queue residence p99	P6B	T1+T2	design	release	specified	queue_wait_us_p99	enqueue-to-service p99 <= 50 us	Every pointer is format-validated bounds-checked revocable and isolated from RT memory
PERF-D15-G14	D15	G14	Model mmap and page access: queue processing maximum	P6B	T1+T2	design	release	specified	queue_service_us_max	service-start-to-completion max <= 100 us	Every pointer is format-validated bounds-checked revocable and isolated from RT memory
PERF-D15-G15	D15	G15	Model mmap and page access: sustained throughput floor	P6B	T1+T2	design	release	specified	throughput_per_second	sustained throughput >= 2000000 work units/s where hardware transport is excluded as documented	Every pointer is format-validated bounds-checked revocable and isolated from RT memory
PERF-D15-G16	D15	G16	Model mmap and page access: burst and backpressure safety	P6B	T1+T2	design	release	specified	burst_recovery	2x throughput floor for 10 s; bounded queue; safety work completes <= 1 us	Every pointer is format-validated bounds-checked revocable and isolated from RT memory
PERF-D15-G17	D15	G17	Model mmap and page access: cold start latency	P6B	T1+T2	design	release	specified	cold_start_ms	cold start <= 5 ms with caches and device state reset as specified	Every pointer is format-validated bounds-checked revocable and isolated from RT memory
PERF-D15-G18	D15	G18	Model mmap and page access: warm restart and reuse latency	P6B	T1+T2	design	release	specified	warm_start_us	warm restart or reuse <= 1 us	Every pointer is format-validated bounds-checked revocable and isolated from RT memory
PERF-D15-G19	D15	G19	Model mmap and page access: isolation under competing load	P6B	T1+T2	design	release	specified	loaded_degradation	p99 degradation <= 5%; max degradation <= 10%; hard deadline misses = 0	Every pointer is format-validated bounds-checked revocable and isolated from RT memory
PERF-D15-G20	D15	G20	Model mmap and page access: security denial cost and safety	P6B	T1+T2	design	release	specified	denial_latency_and_state	denied or malformed work completes <= 0.375 us; state changes = 0; allocations = 0	Every pointer is format-validated bounds-checked revocable and isolated from RT memory
PERF-D15-G21	D15	G21	Model mmap and page access: exhaustion and fault containment	P6B	T1+T2	design	release	specified	fault_completion	fault decision and containment <= 1 us; leaks deadlocks and unsafe retries = 0	Every pointer is format-validated bounds-checked revocable and isolated from RT memory
PERF-D15-G22	D15	G22	Model mmap and page access: 72-hour soak stability	P6B	T1+T2	design	release	specified	soak_drift	72 h: hard deadline misses = 0; memory growth = 0; p99 drift <= 5%; unexpected safe-state transitions = 0	Every pointer is format-validated bounds-checked revocable and isolated from RT memory
PERF-D15-G23	D15	G23	Model mmap and page access: spoor observability overhead	P6B	T1+T2	design	release	specified	observability_overhead	spoor enabled adds <= 2% p99 and <= 2% CPU cycles; allocations = 0; torn records = 0	Every pointer is format-validated bounds-checked revocable and isolated from RT memory
PERF-D15-G24	D15	G24	Model mmap and page access: same-hardware Linux advantage	P6B	T1+T2	design	claim	specified	linux_comparison_ratio	to claim superiority: TinyOS p99 <= 0.5x Linux PREEMPT_RT and <= 0.25x vanilla Linux; footprint <= 0.1x	Every pointer is format-validated bounds-checked revocable and isolated from RT memory
PERF-D15-G25	D15	G25	Model mmap and page access: same-hardware ten-times RTOS claim	P6B	T1+T2	design	claim	specified	rtos_comparison_ratio	to claim 10x: named primary metric improvement >= 10.0x versus median of at least 3 current RTOS baselines with equivalent safety	Every pointer is format-validated bounds-checked revocable and isolated from RT memory
PERF-D16-G01	D16	G01	Local LLM token delivery: median latency	P6	T1+T2	design	release	specified	latency_us_p50	p50 <= 2000 us	Token production and client backpressure never block an RT task or bypass ACI
PERF-D16-G02	D16	G02	Local LLM token delivery: p99 latency	P6	T1+T2	design	release	specified	latency_us_p99	p99 <= 5000 us	Token production and client backpressure never block an RT task or bypass ACI
PERF-D16-G03	D16	G03	Local LLM token delivery: p99.9 tail latency	P6	T1+T2	design	release	specified	latency_us_p99_9	p99.9 <= 10000 us	Token production and client backpressure never block an RT task or bypass ACI
PERF-D16-G04	D16	G04	Local LLM token delivery: observed maximum and WCET bound	P6	T1+T2	design	release	specified	latency_us_max	observed max <= 20000 us and declared bound has >= 20% evidence margin	Token production and client backpressure never block an RT task or bypass ACI
PERF-D16-G05	D16	G05	Local LLM token delivery: jitter envelope	P6	T1+T2	design	release	specified	latency_jitter	p99-p50 <= 3000 us and run-to-run p99 CV <= 5%	Token production and client backpressure never block an RT task or bypass ACI
PERF-D16-G06	D16	G06	Local LLM token delivery: median CPU cycles	P6	T1+T2	design	release	specified	cpu_cycles_p50	p50 <= 300000 cycles	Token production and client backpressure never block an RT task or bypass ACI
PERF-D16-G07	D16	G07	Local LLM token delivery: p99 CPU cycles	P6	T1+T2	design	release	specified	cpu_cycles_p99	p99 <= 1000000 cycles	Token production and client backpressure never block an RT task or bypass ACI
PERF-D16-G08	D16	G08	Local LLM token delivery: microarchitectural efficiency	P6	T1+T2	design	release	specified	instructions_branch_cache	retired instructions <= 2000000; branch misses <= 1%; L1D misses <= 3%	Token production and client backpressure never block an RT task or bypass ACI
PERF-D16-G09	D16	G09	Local LLM token delivery: image and feature footprint	P6	T1+T2	design	release	specified	image_bytes	feature code plus read-only data delta <= 512 KiB	Token production and client backpressure never block an RT task or bypass ACI
PERF-D16-G10	D16	G10	Local LLM token delivery: peak working memory	P6	T1+T2	design	release	specified	working_memory_kib	peak OS-owned working memory for work unit <= 1024 KiB	Token production and client backpressure never block an RT task or bypass ACI
PERF-D16-G11	D16	G11	Local LLM token delivery: steady-state allocation count	P6	T1+T2	design	release	specified	allocations_per_operation	heap allocations per steady-state work unit = 0; pool claims are separately counted	Token production and client backpressure never block an RT task or bypass ACI
PERF-D16-G12	D16	G12	Local LLM token delivery: allocation and reclamation latency	P6	T1+T2	design	release	specified	allocation_latency_us_max	setup or pool allocation max <= 10 us; reclamation is bounded	Token production and client backpressure never block an RT task or bypass ACI
PERF-D16-G13	D16	G13	Local LLM token delivery: queue residence p99	P6	T1+T2	design	release	specified	queue_wait_us_p99	enqueue-to-service p99 <= 1000 us	Token production and client backpressure never block an RT task or bypass ACI
PERF-D16-G14	D16	G14	Local LLM token delivery: queue processing maximum	P6	T1+T2	design	release	specified	queue_service_us_max	service-start-to-completion max <= 5000 us	Token production and client backpressure never block an RT task or bypass ACI
PERF-D16-G15	D16	G15	Local LLM token delivery: sustained throughput floor	P6	T1+T2	design	release	specified	throughput_per_second	sustained throughput >= 500 work units/s where hardware transport is excluded as documented	Token production and client backpressure never block an RT task or bypass ACI
PERF-D16-G16	D16	G16	Local LLM token delivery: burst and backpressure safety	P6	T1+T2	design	release	specified	burst_recovery	2x throughput floor for 10 s; bounded queue; safety work completes <= 20000 us	Token production and client backpressure never block an RT task or bypass ACI
PERF-D16-G17	D16	G17	Local LLM token delivery: cold start latency	P6	T1+T2	design	release	specified	cold_start_ms	cold start <= 5000 ms with caches and device state reset as specified	Token production and client backpressure never block an RT task or bypass ACI
PERF-D16-G18	D16	G18	Local LLM token delivery: warm restart and reuse latency	P6	T1+T2	design	release	specified	warm_start_us	warm restart or reuse <= 20000 us	Token production and client backpressure never block an RT task or bypass ACI
PERF-D16-G19	D16	G19	Local LLM token delivery: isolation under competing load	P6	T1+T2	design	release	specified	loaded_degradation	p99 degradation <= 5%; max degradation <= 10%; hard deadline misses = 0	Token production and client backpressure never block an RT task or bypass ACI
PERF-D16-G20	D16	G20	Local LLM token delivery: security denial cost and safety	P6	T1+T2	design	release	specified	denial_latency_and_state	denied or malformed work completes <= 6250 us; state changes = 0; allocations = 0	Token production and client backpressure never block an RT task or bypass ACI
PERF-D16-G21	D16	G21	Local LLM token delivery: exhaustion and fault containment	P6	T1+T2	design	release	specified	fault_completion	fault decision and containment <= 20000 us; leaks deadlocks and unsafe retries = 0	Token production and client backpressure never block an RT task or bypass ACI
PERF-D16-G22	D16	G22	Local LLM token delivery: 72-hour soak stability	P6	T1+T2	design	release	specified	soak_drift	72 h: hard deadline misses = 0; memory growth = 0; p99 drift <= 5%; unexpected safe-state transitions = 0	Token production and client backpressure never block an RT task or bypass ACI
PERF-D16-G23	D16	G23	Local LLM token delivery: spoor observability overhead	P6	T1+T2	design	release	specified	observability_overhead	spoor enabled adds <= 2% p99 and <= 2% CPU cycles; allocations = 0; torn records = 0	Token production and client backpressure never block an RT task or bypass ACI
PERF-D16-G24	D16	G24	Local LLM token delivery: same-hardware Linux advantage	P6	T1+T2	design	claim	specified	linux_comparison_ratio	to claim superiority: TinyOS p99 <= 0.5x Linux PREEMPT_RT and <= 0.25x vanilla Linux; footprint <= 0.1x	Token production and client backpressure never block an RT task or bypass ACI
PERF-D16-G25	D16	G25	Local LLM token delivery: same-hardware ten-times RTOS claim	P6	T1+T2	design	claim	specified	rtos_comparison_ratio	to claim 10x: named primary metric improvement >= 10.0x versus median of at least 3 current RTOS baselines with equivalent safety	Token production and client backpressure never block an RT task or bypass ACI
PERF-D17-G01	D17	G01	GPU UMM and admission: median latency	P6B	T1+T2	design	release	specified	latency_us_p50	p50 <= 0.8 us	GPU stalls and vendor faults cannot hold CPU RT resources or create dual writers
PERF-D17-G02	D17	G02	GPU UMM and admission: p99 latency	P6B	T1+T2	design	release	specified	latency_us_p99	p99 <= 2 us	GPU stalls and vendor faults cannot hold CPU RT resources or create dual writers
PERF-D17-G03	D17	G03	GPU UMM and admission: p99.9 tail latency	P6B	T1+T2	design	release	specified	latency_us_p99_9	p99.9 <= 5 us	GPU stalls and vendor faults cannot hold CPU RT resources or create dual writers
PERF-D17-G04	D17	G04	GPU UMM and admission: observed maximum and WCET bound	P6B	T1+T2	design	release	specified	latency_us_max	observed max <= 10 us and declared bound has >= 20% evidence margin	GPU stalls and vendor faults cannot hold CPU RT resources or create dual writers
PERF-D17-G05	D17	G05	GPU UMM and admission: jitter envelope	P6B	T1+T2	design	release	specified	latency_jitter	p99-p50 <= 1.2 us and run-to-run p99 CV <= 5%	GPU stalls and vendor faults cannot hold CPU RT resources or create dual writers
PERF-D17-G06	D17	G06	GPU UMM and admission: median CPU cycles	P6B	T1+T2	design	release	specified	cpu_cycles_p50	p50 <= 2500 cycles	GPU stalls and vendor faults cannot hold CPU RT resources or create dual writers
PERF-D17-G07	D17	G07	GPU UMM and admission: p99 CPU cycles	P6B	T1+T2	design	release	specified	cpu_cycles_p99	p99 <= 8000 cycles	GPU stalls and vendor faults cannot hold CPU RT resources or create dual writers
PERF-D17-G08	D17	G08	GPU UMM and admission: microarchitectural efficiency	P6B	T1+T2	design	release	specified	instructions_branch_cache	retired instructions <= 16000; branch misses <= 1%; L1D misses <= 3%	GPU stalls and vendor faults cannot hold CPU RT resources or create dual writers
PERF-D17-G09	D17	G09	GPU UMM and admission: image and feature footprint	P6B	T1+T2	design	release	specified	image_bytes	feature code plus read-only data delta <= 512 KiB	GPU stalls and vendor faults cannot hold CPU RT resources or create dual writers
PERF-D17-G10	D17	G10	GPU UMM and admission: peak working memory	P6B	T1+T2	design	release	specified	working_memory_kib	peak OS-owned working memory for work unit <= 1024 KiB	GPU stalls and vendor faults cannot hold CPU RT resources or create dual writers
PERF-D17-G11	D17	G11	GPU UMM and admission: steady-state allocation count	P6B	T1+T2	design	release	specified	allocations_per_operation	heap allocations per steady-state work unit = 0; pool claims are separately counted	GPU stalls and vendor faults cannot hold CPU RT resources or create dual writers
PERF-D17-G12	D17	G12	GPU UMM and admission: allocation and reclamation latency	P6B	T1+T2	design	release	specified	allocation_latency_us_max	setup or pool allocation max <= 10 us; reclamation is bounded	GPU stalls and vendor faults cannot hold CPU RT resources or create dual writers
PERF-D17-G13	D17	G13	GPU UMM and admission: queue residence p99	P6B	T1+T2	design	release	specified	queue_wait_us_p99	enqueue-to-service p99 <= 50 us	GPU stalls and vendor faults cannot hold CPU RT resources or create dual writers
PERF-D17-G14	D17	G14	GPU UMM and admission: queue processing maximum	P6B	T1+T2	design	release	specified	queue_service_us_max	service-start-to-completion max <= 100 us	GPU stalls and vendor faults cannot hold CPU RT resources or create dual writers
PERF-D17-G15	D17	G15	GPU UMM and admission: sustained throughput floor	P6B	T1+T2	design	release	specified	throughput_per_second	sustained throughput >= 100000 work units/s where hardware transport is excluded as documented	GPU stalls and vendor faults cannot hold CPU RT resources or create dual writers
PERF-D17-G16	D17	G16	GPU UMM and admission: burst and backpressure safety	P6B	T1+T2	design	release	specified	burst_recovery	2x throughput floor for 10 s; bounded queue; safety work completes <= 10 us	GPU stalls and vendor faults cannot hold CPU RT resources or create dual writers
PERF-D17-G17	D17	G17	GPU UMM and admission: cold start latency	P6B	T1+T2	design	release	specified	cold_start_ms	cold start <= 20 ms with caches and device state reset as specified	GPU stalls and vendor faults cannot hold CPU RT resources or create dual writers
PERF-D17-G18	D17	G18	GPU UMM and admission: warm restart and reuse latency	P6B	T1+T2	design	release	specified	warm_start_us	warm restart or reuse <= 10 us	GPU stalls and vendor faults cannot hold CPU RT resources or create dual writers
PERF-D17-G19	D17	G19	GPU UMM and admission: isolation under competing load	P6B	T1+T2	design	release	specified	loaded_degradation	p99 degradation <= 5%; max degradation <= 10%; hard deadline misses = 0	GPU stalls and vendor faults cannot hold CPU RT resources or create dual writers
PERF-D17-G20	D17	G20	GPU UMM and admission: security denial cost and safety	P6B	T1+T2	design	release	specified	denial_latency_and_state	denied or malformed work completes <= 2.5 us; state changes = 0; allocations = 0	GPU stalls and vendor faults cannot hold CPU RT resources or create dual writers
PERF-D17-G21	D17	G21	GPU UMM and admission: exhaustion and fault containment	P6B	T1+T2	design	release	specified	fault_completion	fault decision and containment <= 10 us; leaks deadlocks and unsafe retries = 0	GPU stalls and vendor faults cannot hold CPU RT resources or create dual writers
PERF-D17-G22	D17	G22	GPU UMM and admission: 72-hour soak stability	P6B	T1+T2	design	release	specified	soak_drift	72 h: hard deadline misses = 0; memory growth = 0; p99 drift <= 5%; unexpected safe-state transitions = 0	GPU stalls and vendor faults cannot hold CPU RT resources or create dual writers
PERF-D17-G23	D17	G23	GPU UMM and admission: spoor observability overhead	P6B	T1+T2	design	release	specified	observability_overhead	spoor enabled adds <= 2% p99 and <= 2% CPU cycles; allocations = 0; torn records = 0	GPU stalls and vendor faults cannot hold CPU RT resources or create dual writers
PERF-D17-G24	D17	G24	GPU UMM and admission: same-hardware Linux advantage	P6B	T1+T2	design	claim	specified	linux_comparison_ratio	to claim superiority: TinyOS p99 <= 0.5x Linux PREEMPT_RT and <= 0.25x vanilla Linux; footprint <= 0.1x	GPU stalls and vendor faults cannot hold CPU RT resources or create dual writers
PERF-D17-G25	D17	G25	GPU UMM and admission: same-hardware ten-times RTOS claim	P6B	T1+T2	design	claim	specified	rtos_comparison_ratio	to claim 10x: named primary metric improvement >= 10.0x versus median of at least 3 current RTOS baselines with equivalent safety	GPU stalls and vendor faults cannot hold CPU RT resources or create dual writers
PERF-D18-G01	D18	G01	HBP shared-memory transport: median latency	P4	T0+T2	design	release	specified	latency_us_p50	p50 <= 0.5 us	Host failure cannot block the RT core and command frames always traverse ACI
PERF-D18-G02	D18	G02	HBP shared-memory transport: p99 latency	P4	T0+T2	design	release	specified	latency_us_p99	p99 <= 2 us	Host failure cannot block the RT core and command frames always traverse ACI
PERF-D18-G03	D18	G03	HBP shared-memory transport: p99.9 tail latency	P4	T0+T2	design	release	specified	latency_us_p99_9	p99.9 <= 5 us	Host failure cannot block the RT core and command frames always traverse ACI
PERF-D18-G04	D18	G04	HBP shared-memory transport: observed maximum and WCET bound	P4	T0+T2	design	release	specified	latency_us_max	observed max <= 10 us and declared bound has >= 20% evidence margin	Host failure cannot block the RT core and command frames always traverse ACI
PERF-D18-G05	D18	G05	HBP shared-memory transport: jitter envelope	P4	T0+T2	design	release	specified	latency_jitter	p99-p50 <= 1.5 us and run-to-run p99 CV <= 5%	Host failure cannot block the RT core and command frames always traverse ACI
PERF-D18-G06	D18	G06	HBP shared-memory transport: median CPU cycles	P4	T0+T2	design	release	specified	cpu_cycles_p50	p50 <= 2000 cycles	Host failure cannot block the RT core and command frames always traverse ACI
PERF-D18-G07	D18	G07	HBP shared-memory transport: p99 CPU cycles	P4	T0+T2	design	release	specified	cpu_cycles_p99	p99 <= 8000 cycles	Host failure cannot block the RT core and command frames always traverse ACI
PERF-D18-G08	D18	G08	HBP shared-memory transport: microarchitectural efficiency	P4	T0+T2	design	release	specified	instructions_branch_cache	retired instructions <= 16000; branch misses <= 1%; L1D misses <= 3%	Host failure cannot block the RT core and command frames always traverse ACI
PERF-D18-G09	D18	G09	HBP shared-memory transport: image and feature footprint	P4	T0+T2	design	release	specified	image_bytes	feature code plus read-only data delta <= 128 KiB	Host failure cannot block the RT core and command frames always traverse ACI
PERF-D18-G10	D18	G10	HBP shared-memory transport: peak working memory	P4	T0+T2	design	release	specified	working_memory_kib	peak OS-owned working memory for work unit <= 256 KiB	Host failure cannot block the RT core and command frames always traverse ACI
PERF-D18-G11	D18	G11	HBP shared-memory transport: steady-state allocation count	P4	T0+T2	design	release	specified	allocations_per_operation	heap allocations per steady-state work unit = 0; pool claims are separately counted	Host failure cannot block the RT core and command frames always traverse ACI
PERF-D18-G12	D18	G12	HBP shared-memory transport: allocation and reclamation latency	P4	T0+T2	design	release	specified	allocation_latency_us_max	setup or pool allocation max <= 10 us; reclamation is bounded	Host failure cannot block the RT core and command frames always traverse ACI
PERF-D18-G13	D18	G13	HBP shared-memory transport: queue residence p99	P4	T0+T2	design	release	specified	queue_wait_us_p99	enqueue-to-service p99 <= 20 us	Host failure cannot block the RT core and command frames always traverse ACI
PERF-D18-G14	D18	G14	HBP shared-memory transport: queue processing maximum	P4	T0+T2	design	release	specified	queue_service_us_max	service-start-to-completion max <= 50 us	Host failure cannot block the RT core and command frames always traverse ACI
PERF-D18-G15	D18	G15	HBP shared-memory transport: sustained throughput floor	P4	T0+T2	design	release	specified	throughput_per_second	sustained throughput >= 500000 work units/s where hardware transport is excluded as documented	Host failure cannot block the RT core and command frames always traverse ACI
PERF-D18-G16	D18	G16	HBP shared-memory transport: burst and backpressure safety	P4	T0+T2	design	release	specified	burst_recovery	2x throughput floor for 10 s; bounded queue; safety work completes <= 10 us	Host failure cannot block the RT core and command frames always traverse ACI
PERF-D18-G17	D18	G17	HBP shared-memory transport: cold start latency	P4	T0+T2	design	release	specified	cold_start_ms	cold start <= 10 ms with caches and device state reset as specified	Host failure cannot block the RT core and command frames always traverse ACI
PERF-D18-G18	D18	G18	HBP shared-memory transport: warm restart and reuse latency	P4	T0+T2	design	release	specified	warm_start_us	warm restart or reuse <= 10 us	Host failure cannot block the RT core and command frames always traverse ACI
PERF-D18-G19	D18	G19	HBP shared-memory transport: isolation under competing load	P4	T0+T2	design	release	specified	loaded_degradation	p99 degradation <= 5%; max degradation <= 10%; hard deadline misses = 0	Host failure cannot block the RT core and command frames always traverse ACI
PERF-D18-G20	D18	G20	HBP shared-memory transport: security denial cost and safety	P4	T0+T2	design	release	specified	denial_latency_and_state	denied or malformed work completes <= 2.5 us; state changes = 0; allocations = 0	Host failure cannot block the RT core and command frames always traverse ACI
PERF-D18-G21	D18	G21	HBP shared-memory transport: exhaustion and fault containment	P4	T0+T2	design	release	specified	fault_completion	fault decision and containment <= 10 us; leaks deadlocks and unsafe retries = 0	Host failure cannot block the RT core and command frames always traverse ACI
PERF-D18-G22	D18	G22	HBP shared-memory transport: 72-hour soak stability	P4	T0+T2	design	release	specified	soak_drift	72 h: hard deadline misses = 0; memory growth = 0; p99 drift <= 5%; unexpected safe-state transitions = 0	Host failure cannot block the RT core and command frames always traverse ACI
PERF-D18-G23	D18	G23	HBP shared-memory transport: spoor observability overhead	P4	T0+T2	design	release	specified	observability_overhead	spoor enabled adds <= 2% p99 and <= 2% CPU cycles; allocations = 0; torn records = 0	Host failure cannot block the RT core and command frames always traverse ACI
PERF-D18-G24	D18	G24	HBP shared-memory transport: same-hardware Linux advantage	P4	T0+T2	design	claim	specified	linux_comparison_ratio	to claim superiority: TinyOS p99 <= 0.5x Linux PREEMPT_RT and <= 0.25x vanilla Linux; footprint <= 0.1x	Host failure cannot block the RT core and command frames always traverse ACI
PERF-D18-G25	D18	G25	HBP shared-memory transport: same-hardware ten-times RTOS claim	P4	T0+T2	design	claim	specified	rtos_comparison_ratio	to claim 10x: named primary metric improvement >= 10.0x versus median of at least 3 current RTOS baselines with equivalent safety	Host failure cannot block the RT core and command frames always traverse ACI
PERF-D19-G01	D19	G01	WCI secure command transport: median latency	P4	T0+T1	design	release	specified	latency_us_p50	p50 <= 50 us	Unauthenticated replayed expired or non-authoritative commands cause zero state change
PERF-D19-G02	D19	G02	WCI secure command transport: p99 latency	P4	T0+T1	design	release	specified	latency_us_p99	p99 <= 100 us	Unauthenticated replayed expired or non-authoritative commands cause zero state change
PERF-D19-G03	D19	G03	WCI secure command transport: p99.9 tail latency	P4	T0+T1	design	release	specified	latency_us_p99_9	p99.9 <= 250 us	Unauthenticated replayed expired or non-authoritative commands cause zero state change
PERF-D19-G04	D19	G04	WCI secure command transport: observed maximum and WCET bound	P4	T0+T1	design	release	specified	latency_us_max	observed max <= 500 us and declared bound has >= 20% evidence margin	Unauthenticated replayed expired or non-authoritative commands cause zero state change
PERF-D19-G05	D19	G05	WCI secure command transport: jitter envelope	P4	T0+T1	design	release	specified	latency_jitter	p99-p50 <= 50 us and run-to-run p99 CV <= 5%	Unauthenticated replayed expired or non-authoritative commands cause zero state change
PERF-D19-G06	D19	G06	WCI secure command transport: median CPU cycles	P4	T0+T1	design	release	specified	cpu_cycles_p50	p50 <= 150000 cycles	Unauthenticated replayed expired or non-authoritative commands cause zero state change
PERF-D19-G07	D19	G07	WCI secure command transport: p99 CPU cycles	P4	T0+T1	design	release	specified	cpu_cycles_p99	p99 <= 500000 cycles	Unauthenticated replayed expired or non-authoritative commands cause zero state change
PERF-D19-G08	D19	G08	WCI secure command transport: microarchitectural efficiency	P4	T0+T1	design	release	specified	instructions_branch_cache	retired instructions <= 1000000; branch misses <= 1%; L1D misses <= 3%	Unauthenticated replayed expired or non-authoritative commands cause zero state change
PERF-D19-G09	D19	G09	WCI secure command transport: image and feature footprint	P4	T0+T1	design	release	specified	image_bytes	feature code plus read-only data delta <= 512 KiB	Unauthenticated replayed expired or non-authoritative commands cause zero state change
PERF-D19-G10	D19	G10	WCI secure command transport: peak working memory	P4	T0+T1	design	release	specified	working_memory_kib	peak OS-owned working memory for work unit <= 1024 KiB	Unauthenticated replayed expired or non-authoritative commands cause zero state change
PERF-D19-G11	D19	G11	WCI secure command transport: steady-state allocation count	P4	T0+T1	design	release	specified	allocations_per_operation	heap allocations per steady-state work unit = 0; pool claims are separately counted	Unauthenticated replayed expired or non-authoritative commands cause zero state change
PERF-D19-G12	D19	G12	WCI secure command transport: allocation and reclamation latency	P4	T0+T1	design	release	specified	allocation_latency_us_max	setup or pool allocation max <= 10 us; reclamation is bounded	Unauthenticated replayed expired or non-authoritative commands cause zero state change
PERF-D19-G13	D19	G13	WCI secure command transport: queue residence p99	P4	T0+T1	design	release	specified	queue_wait_us_p99	enqueue-to-service p99 <= 100 us	Unauthenticated replayed expired or non-authoritative commands cause zero state change
PERF-D19-G14	D19	G14	WCI secure command transport: queue processing maximum	P4	T0+T1	design	release	specified	queue_service_us_max	service-start-to-completion max <= 250 us	Unauthenticated replayed expired or non-authoritative commands cause zero state change
PERF-D19-G15	D19	G15	WCI secure command transport: sustained throughput floor	P4	T0+T1	design	release	specified	throughput_per_second	sustained throughput >= 20000 work units/s where hardware transport is excluded as documented	Unauthenticated replayed expired or non-authoritative commands cause zero state change
PERF-D19-G16	D19	G16	WCI secure command transport: burst and backpressure safety	P4	T0+T1	design	release	specified	burst_recovery	2x throughput floor for 10 s; bounded queue; safety work completes <= 500 us	Unauthenticated replayed expired or non-authoritative commands cause zero state change
PERF-D19-G17	D19	G17	WCI secure command transport: cold start latency	P4	T0+T1	design	release	specified	cold_start_ms	cold start <= 100 ms with caches and device state reset as specified	Unauthenticated replayed expired or non-authoritative commands cause zero state change
PERF-D19-G18	D19	G18	WCI secure command transport: warm restart and reuse latency	P4	T0+T1	design	release	specified	warm_start_us	warm restart or reuse <= 500 us	Unauthenticated replayed expired or non-authoritative commands cause zero state change
PERF-D19-G19	D19	G19	WCI secure command transport: isolation under competing load	P4	T0+T1	design	release	specified	loaded_degradation	p99 degradation <= 5%; max degradation <= 10%; hard deadline misses = 0	Unauthenticated replayed expired or non-authoritative commands cause zero state change
PERF-D19-G20	D19	G20	WCI secure command transport: security denial cost and safety	P4	T0+T1	design	release	specified	denial_latency_and_state	denied or malformed work completes <= 125 us; state changes = 0; allocations = 0	Unauthenticated replayed expired or non-authoritative commands cause zero state change
PERF-D19-G21	D19	G21	WCI secure command transport: exhaustion and fault containment	P4	T0+T1	design	release	specified	fault_completion	fault decision and containment <= 500 us; leaks deadlocks and unsafe retries = 0	Unauthenticated replayed expired or non-authoritative commands cause zero state change
PERF-D19-G22	D19	G22	WCI secure command transport: 72-hour soak stability	P4	T0+T1	design	release	specified	soak_drift	72 h: hard deadline misses = 0; memory growth = 0; p99 drift <= 5%; unexpected safe-state transitions = 0	Unauthenticated replayed expired or non-authoritative commands cause zero state change
PERF-D19-G23	D19	G23	WCI secure command transport: spoor observability overhead	P4	T0+T1	design	release	specified	observability_overhead	spoor enabled adds <= 2% p99 and <= 2% CPU cycles; allocations = 0; torn records = 0	Unauthenticated replayed expired or non-authoritative commands cause zero state change
PERF-D19-G24	D19	G24	WCI secure command transport: same-hardware Linux advantage	P4	T0+T1	design	claim	specified	linux_comparison_ratio	to claim superiority: TinyOS p99 <= 0.5x Linux PREEMPT_RT and <= 0.25x vanilla Linux; footprint <= 0.1x	Unauthenticated replayed expired or non-authoritative commands cause zero state change
PERF-D19-G25	D19	G25	WCI secure command transport: same-hardware ten-times RTOS claim	P4	T0+T1	design	claim	specified	rtos_comparison_ratio	to claim 10x: named primary metric improvement >= 10.0x versus median of at least 3 current RTOS baselines with equivalent safety	Unauthenticated replayed expired or non-authoritative commands cause zero state change
PERF-D20-G01	D20	G01	TCP IP data path: median latency	P3	T0+T1+T2	design	release	specified	latency_us_p50	p50 <= 5 us	Network floods remain outside safety queues and all parser lengths are bounded
PERF-D20-G02	D20	G02	TCP IP data path: p99 latency	P3	T0+T1+T2	design	release	specified	latency_us_p99	p99 <= 15 us	Network floods remain outside safety queues and all parser lengths are bounded
PERF-D20-G03	D20	G03	TCP IP data path: p99.9 tail latency	P3	T0+T1+T2	design	release	specified	latency_us_p99_9	p99.9 <= 30 us	Network floods remain outside safety queues and all parser lengths are bounded
PERF-D20-G04	D20	G04	TCP IP data path: observed maximum and WCET bound	P3	T0+T1+T2	design	release	specified	latency_us_max	observed max <= 50 us and declared bound has >= 20% evidence margin	Network floods remain outside safety queues and all parser lengths are bounded
PERF-D20-G05	D20	G05	TCP IP data path: jitter envelope	P3	T0+T1+T2	design	release	specified	latency_jitter	p99-p50 <= 10 us and run-to-run p99 CV <= 5%	Network floods remain outside safety queues and all parser lengths are bounded
PERF-D20-G06	D20	G06	TCP IP data path: median CPU cycles	P3	T0+T1+T2	design	release	specified	cpu_cycles_p50	p50 <= 15000 cycles	Network floods remain outside safety queues and all parser lengths are bounded
PERF-D20-G07	D20	G07	TCP IP data path: p99 CPU cycles	P3	T0+T1+T2	design	release	specified	cpu_cycles_p99	p99 <= 50000 cycles	Network floods remain outside safety queues and all parser lengths are bounded
PERF-D20-G08	D20	G08	TCP IP data path: microarchitectural efficiency	P3	T0+T1+T2	design	release	specified	instructions_branch_cache	retired instructions <= 100000; branch misses <= 1%; L1D misses <= 3%	Network floods remain outside safety queues and all parser lengths are bounded
PERF-D20-G09	D20	G09	TCP IP data path: image and feature footprint	P3	T0+T1+T2	design	release	specified	image_bytes	feature code plus read-only data delta <= 512 KiB	Network floods remain outside safety queues and all parser lengths are bounded
PERF-D20-G10	D20	G10	TCP IP data path: peak working memory	P3	T0+T1+T2	design	release	specified	working_memory_kib	peak OS-owned working memory for work unit <= 1024 KiB	Network floods remain outside safety queues and all parser lengths are bounded
PERF-D20-G11	D20	G11	TCP IP data path: steady-state allocation count	P3	T0+T1+T2	design	release	specified	allocations_per_operation	heap allocations per steady-state work unit = 0; pool claims are separately counted	Network floods remain outside safety queues and all parser lengths are bounded
PERF-D20-G12	D20	G12	TCP IP data path: allocation and reclamation latency	P3	T0+T1+T2	design	release	specified	allocation_latency_us_max	setup or pool allocation max <= 10 us; reclamation is bounded	Network floods remain outside safety queues and all parser lengths are bounded
PERF-D20-G13	D20	G13	TCP IP data path: queue residence p99	P3	T0+T1+T2	design	release	specified	queue_wait_us_p99	enqueue-to-service p99 <= 100 us	Network floods remain outside safety queues and all parser lengths are bounded
PERF-D20-G14	D20	G14	TCP IP data path: queue processing maximum	P3	T0+T1+T2	design	release	specified	queue_service_us_max	service-start-to-completion max <= 250 us	Network floods remain outside safety queues and all parser lengths are bounded
PERF-D20-G15	D20	G15	TCP IP data path: sustained throughput floor	P3	T0+T1+T2	design	release	specified	throughput_per_second	sustained throughput >= 100000 work units/s where hardware transport is excluded as documented	Network floods remain outside safety queues and all parser lengths are bounded
PERF-D20-G16	D20	G16	TCP IP data path: burst and backpressure safety	P3	T0+T1+T2	design	release	specified	burst_recovery	2x throughput floor for 10 s; bounded queue; safety work completes <= 50 us	Network floods remain outside safety queues and all parser lengths are bounded
PERF-D20-G17	D20	G17	TCP IP data path: cold start latency	P3	T0+T1+T2	design	release	specified	cold_start_ms	cold start <= 100 ms with caches and device state reset as specified	Network floods remain outside safety queues and all parser lengths are bounded
PERF-D20-G18	D20	G18	TCP IP data path: warm restart and reuse latency	P3	T0+T1+T2	design	release	specified	warm_start_us	warm restart or reuse <= 50 us	Network floods remain outside safety queues and all parser lengths are bounded
PERF-D20-G19	D20	G19	TCP IP data path: isolation under competing load	P3	T0+T1+T2	design	release	specified	loaded_degradation	p99 degradation <= 5%; max degradation <= 10%; hard deadline misses = 0	Network floods remain outside safety queues and all parser lengths are bounded
PERF-D20-G20	D20	G20	TCP IP data path: security denial cost and safety	P3	T0+T1+T2	design	release	specified	denial_latency_and_state	denied or malformed work completes <= 18.75 us; state changes = 0; allocations = 0	Network floods remain outside safety queues and all parser lengths are bounded
PERF-D20-G21	D20	G21	TCP IP data path: exhaustion and fault containment	P3	T0+T1+T2	design	release	specified	fault_completion	fault decision and containment <= 50 us; leaks deadlocks and unsafe retries = 0	Network floods remain outside safety queues and all parser lengths are bounded
PERF-D20-G22	D20	G22	TCP IP data path: 72-hour soak stability	P3	T0+T1+T2	design	release	specified	soak_drift	72 h: hard deadline misses = 0; memory growth = 0; p99 drift <= 5%; unexpected safe-state transitions = 0	Network floods remain outside safety queues and all parser lengths are bounded
PERF-D20-G23	D20	G23	TCP IP data path: spoor observability overhead	P3	T0+T1+T2	design	release	specified	observability_overhead	spoor enabled adds <= 2% p99 and <= 2% CPU cycles; allocations = 0; torn records = 0	Network floods remain outside safety queues and all parser lengths are bounded
PERF-D20-G24	D20	G24	TCP IP data path: same-hardware Linux advantage	P3	T0+T1+T2	design	claim	specified	linux_comparison_ratio	to claim superiority: TinyOS p99 <= 0.5x Linux PREEMPT_RT and <= 0.25x vanilla Linux; footprint <= 0.1x	Network floods remain outside safety queues and all parser lengths are bounded
PERF-D20-G25	D20	G25	TCP IP data path: same-hardware ten-times RTOS claim	P3	T0+T1+T2	design	claim	specified	rtos_comparison_ratio	to claim 10x: named primary metric improvement >= 10.0x versus median of at least 3 current RTOS baselines with equivalent safety	Network floods remain outside safety queues and all parser lengths are bounded
PERF-D21-G01	D21	G01	CAN USB and field I O: median latency	P3	T0+HIL	design	release	specified	latency_us_p50	p50 <= 10 us	Bus faults and malformed descriptors cannot escape the driver capability boundary
PERF-D21-G02	D21	G02	CAN USB and field I O: p99 latency	P3	T0+HIL	design	release	specified	latency_us_p99	p99 <= 50 us	Bus faults and malformed descriptors cannot escape the driver capability boundary
PERF-D21-G03	D21	G03	CAN USB and field I O: p99.9 tail latency	P3	T0+HIL	design	release	specified	latency_us_p99_9	p99.9 <= 100 us	Bus faults and malformed descriptors cannot escape the driver capability boundary
PERF-D21-G04	D21	G04	CAN USB and field I O: observed maximum and WCET bound	P3	T0+HIL	design	release	specified	latency_us_max	observed max <= 250 us and declared bound has >= 20% evidence margin	Bus faults and malformed descriptors cannot escape the driver capability boundary
PERF-D21-G05	D21	G05	CAN USB and field I O: jitter envelope	P3	T0+HIL	design	release	specified	latency_jitter	p99-p50 <= 40 us and run-to-run p99 CV <= 5%	Bus faults and malformed descriptors cannot escape the driver capability boundary
PERF-D21-G06	D21	G06	CAN USB and field I O: median CPU cycles	P3	T0+HIL	design	release	specified	cpu_cycles_p50	p50 <= 30000 cycles	Bus faults and malformed descriptors cannot escape the driver capability boundary
PERF-D21-G07	D21	G07	CAN USB and field I O: p99 CPU cycles	P3	T0+HIL	design	release	specified	cpu_cycles_p99	p99 <= 100000 cycles	Bus faults and malformed descriptors cannot escape the driver capability boundary
PERF-D21-G08	D21	G08	CAN USB and field I O: microarchitectural efficiency	P3	T0+HIL	design	release	specified	instructions_branch_cache	retired instructions <= 200000; branch misses <= 1%; L1D misses <= 3%	Bus faults and malformed descriptors cannot escape the driver capability boundary
PERF-D21-G09	D21	G09	CAN USB and field I O: image and feature footprint	P3	T0+HIL	design	release	specified	image_bytes	feature code plus read-only data delta <= 512 KiB	Bus faults and malformed descriptors cannot escape the driver capability boundary
PERF-D21-G10	D21	G10	CAN USB and field I O: peak working memory	P3	T0+HIL	design	release	specified	working_memory_kib	peak OS-owned working memory for work unit <= 1024 KiB	Bus faults and malformed descriptors cannot escape the driver capability boundary
PERF-D21-G11	D21	G11	CAN USB and field I O: steady-state allocation count	P3	T0+HIL	design	release	specified	allocations_per_operation	heap allocations per steady-state work unit = 0; pool claims are separately counted	Bus faults and malformed descriptors cannot escape the driver capability boundary
PERF-D21-G12	D21	G12	CAN USB and field I O: allocation and reclamation latency	P3	T0+HIL	design	release	specified	allocation_latency_us_max	setup or pool allocation max <= 10 us; reclamation is bounded	Bus faults and malformed descriptors cannot escape the driver capability boundary
PERF-D21-G13	D21	G13	CAN USB and field I O: queue residence p99	P3	T0+HIL	design	release	specified	queue_wait_us_p99	enqueue-to-service p99 <= 100 us	Bus faults and malformed descriptors cannot escape the driver capability boundary
PERF-D21-G14	D21	G14	CAN USB and field I O: queue processing maximum	P3	T0+HIL	design	release	specified	queue_service_us_max	service-start-to-completion max <= 250 us	Bus faults and malformed descriptors cannot escape the driver capability boundary
PERF-D21-G15	D21	G15	CAN USB and field I O: sustained throughput floor	P3	T0+HIL	design	release	specified	throughput_per_second	sustained throughput >= 50000 work units/s where hardware transport is excluded as documented	Bus faults and malformed descriptors cannot escape the driver capability boundary
PERF-D21-G16	D21	G16	CAN USB and field I O: burst and backpressure safety	P3	T0+HIL	design	release	specified	burst_recovery	2x throughput floor for 10 s; bounded queue; safety work completes <= 250 us	Bus faults and malformed descriptors cannot escape the driver capability boundary
PERF-D21-G17	D21	G17	CAN USB and field I O: cold start latency	P3	T0+HIL	design	release	specified	cold_start_ms	cold start <= 100 ms with caches and device state reset as specified	Bus faults and malformed descriptors cannot escape the driver capability boundary
PERF-D21-G18	D21	G18	CAN USB and field I O: warm restart and reuse latency	P3	T0+HIL	design	release	specified	warm_start_us	warm restart or reuse <= 100 us	Bus faults and malformed descriptors cannot escape the driver capability boundary
PERF-D21-G19	D21	G19	CAN USB and field I O: isolation under competing load	P3	T0+HIL	design	release	specified	loaded_degradation	p99 degradation <= 5%; max degradation <= 10%; hard deadline misses = 0	Bus faults and malformed descriptors cannot escape the driver capability boundary
PERF-D21-G20	D21	G20	CAN USB and field I O: security denial cost and safety	P3	T0+HIL	design	release	specified	denial_latency_and_state	denied or malformed work completes <= 62.5 us; state changes = 0; allocations = 0	Bus faults and malformed descriptors cannot escape the driver capability boundary
PERF-D21-G21	D21	G21	CAN USB and field I O: exhaustion and fault containment	P3	T0+HIL	design	release	specified	fault_completion	fault decision and containment <= 250 us; leaks deadlocks and unsafe retries = 0	Bus faults and malformed descriptors cannot escape the driver capability boundary
PERF-D21-G22	D21	G22	CAN USB and field I O: 72-hour soak stability	P3	T0+HIL	design	release	specified	soak_drift	72 h: hard deadline misses = 0; memory growth = 0; p99 drift <= 5%; unexpected safe-state transitions = 0	Bus faults and malformed descriptors cannot escape the driver capability boundary
PERF-D21-G23	D21	G23	CAN USB and field I O: spoor observability overhead	P3	T0+HIL	design	release	specified	observability_overhead	spoor enabled adds <= 2% p99 and <= 2% CPU cycles; allocations = 0; torn records = 0	Bus faults and malformed descriptors cannot escape the driver capability boundary
PERF-D21-G24	D21	G24	CAN USB and field I O: same-hardware Linux advantage	P3	T0+HIL	design	claim	specified	linux_comparison_ratio	to claim superiority: TinyOS p99 <= 0.5x Linux PREEMPT_RT and <= 0.25x vanilla Linux; footprint <= 0.1x	Bus faults and malformed descriptors cannot escape the driver capability boundary
PERF-D21-G25	D21	G25	CAN USB and field I O: same-hardware ten-times RTOS claim	P3	T0+HIL	design	claim	specified	rtos_comparison_ratio	to claim 10x: named primary metric improvement >= 10.0x versus median of at least 3 current RTOS baselines with equivalent safety	Bus faults and malformed descriptors cannot escape the driver capability boundary
PERF-D22-G01	D22	G01	Opt-in driver lifecycle: median latency	P7	T0+HIL	design	release	specified	latency_us_p50	p50 <= 100 us	An unselected driver contributes zero executable bytes capabilities IRQs DMA or attack surface
PERF-D22-G02	D22	G02	Opt-in driver lifecycle: p99 latency	P7	T0+HIL	design	release	specified	latency_us_p99	p99 <= 500 us	An unselected driver contributes zero executable bytes capabilities IRQs DMA or attack surface
PERF-D22-G03	D22	G03	Opt-in driver lifecycle: p99.9 tail latency	P7	T0+HIL	design	release	specified	latency_us_p99_9	p99.9 <= 1000 us	An unselected driver contributes zero executable bytes capabilities IRQs DMA or attack surface
PERF-D22-G04	D22	G04	Opt-in driver lifecycle: observed maximum and WCET bound	P7	T0+HIL	design	release	specified	latency_us_max	observed max <= 2000 us and declared bound has >= 20% evidence margin	An unselected driver contributes zero executable bytes capabilities IRQs DMA or attack surface
PERF-D22-G05	D22	G05	Opt-in driver lifecycle: jitter envelope	P7	T0+HIL	design	release	specified	latency_jitter	p99-p50 <= 400 us and run-to-run p99 CV <= 5%	An unselected driver contributes zero executable bytes capabilities IRQs DMA or attack surface
PERF-D22-G06	D22	G06	Opt-in driver lifecycle: median CPU cycles	P7	T0+HIL	design	release	specified	cpu_cycles_p50	p50 <= 300000 cycles	An unselected driver contributes zero executable bytes capabilities IRQs DMA or attack surface
PERF-D22-G07	D22	G07	Opt-in driver lifecycle: p99 CPU cycles	P7	T0+HIL	design	release	specified	cpu_cycles_p99	p99 <= 1000000 cycles	An unselected driver contributes zero executable bytes capabilities IRQs DMA or attack surface
PERF-D22-G08	D22	G08	Opt-in driver lifecycle: microarchitectural efficiency	P7	T0+HIL	design	release	specified	instructions_branch_cache	retired instructions <= 2000000; branch misses <= 1%; L1D misses <= 3%	An unselected driver contributes zero executable bytes capabilities IRQs DMA or attack surface
PERF-D22-G09	D22	G09	Opt-in driver lifecycle: image and feature footprint	P7	T0+HIL	design	release	specified	image_bytes	disabled driver delta = 0 bytes; enabled driver code <= 256 KiB	An unselected driver contributes zero executable bytes capabilities IRQs DMA or attack surface
PERF-D22-G10	D22	G10	Opt-in driver lifecycle: peak working memory	P7	T0+HIL	design	release	specified	working_memory_kib	peak OS-owned working memory for work unit <= 256 KiB	An unselected driver contributes zero executable bytes capabilities IRQs DMA or attack surface
PERF-D22-G11	D22	G11	Opt-in driver lifecycle: steady-state allocation count	P7	T0+HIL	design	release	specified	allocations_per_operation	heap allocations per steady-state work unit = 0; pool claims are separately counted	An unselected driver contributes zero executable bytes capabilities IRQs DMA or attack surface
PERF-D22-G12	D22	G12	Opt-in driver lifecycle: allocation and reclamation latency	P7	T0+HIL	design	release	specified	allocation_latency_us_max	setup or pool allocation max <= 10 us; reclamation is bounded	An unselected driver contributes zero executable bytes capabilities IRQs DMA or attack surface
PERF-D22-G13	D22	G13	Opt-in driver lifecycle: queue residence p99	P7	T0+HIL	design	release	specified	queue_wait_us_p99	enqueue-to-service p99 <= 500 us	An unselected driver contributes zero executable bytes capabilities IRQs DMA or attack surface
PERF-D22-G14	D22	G14	Opt-in driver lifecycle: queue processing maximum	P7	T0+HIL	design	release	specified	queue_service_us_max	service-start-to-completion max <= 1000 us	An unselected driver contributes zero executable bytes capabilities IRQs DMA or attack surface
PERF-D22-G15	D22	G15	Opt-in driver lifecycle: sustained throughput floor	P7	T0+HIL	design	release	specified	throughput_per_second	sustained throughput >= 1000 work units/s where hardware transport is excluded as documented	An unselected driver contributes zero executable bytes capabilities IRQs DMA or attack surface
PERF-D22-G16	D22	G16	Opt-in driver lifecycle: burst and backpressure safety	P7	T0+HIL	design	release	specified	burst_recovery	2x throughput floor for 10 s; bounded queue; safety work completes <= 2000 us	An unselected driver contributes zero executable bytes capabilities IRQs DMA or attack surface
PERF-D22-G17	D22	G17	Opt-in driver lifecycle: cold start latency	P7	T0+HIL	design	release	specified	cold_start_ms	cold start <= 20 ms with caches and device state reset as specified	An unselected driver contributes zero executable bytes capabilities IRQs DMA or attack surface
PERF-D22-G18	D22	G18	Opt-in driver lifecycle: warm restart and reuse latency	P7	T0+HIL	design	release	specified	warm_start_us	warm restart or reuse <= 2000 us	An unselected driver contributes zero executable bytes capabilities IRQs DMA or attack surface
PERF-D22-G19	D22	G19	Opt-in driver lifecycle: isolation under competing load	P7	T0+HIL	design	release	specified	loaded_degradation	p99 degradation <= 5%; max degradation <= 10%; hard deadline misses = 0	An unselected driver contributes zero executable bytes capabilities IRQs DMA or attack surface
PERF-D22-G20	D22	G20	Opt-in driver lifecycle: security denial cost and safety	P7	T0+HIL	design	release	specified	denial_latency_and_state	denied or malformed work completes <= 625 us; state changes = 0; allocations = 0	An unselected driver contributes zero executable bytes capabilities IRQs DMA or attack surface
PERF-D22-G21	D22	G21	Opt-in driver lifecycle: exhaustion and fault containment	P7	T0+HIL	design	release	specified	fault_completion	fault decision and containment <= 2000 us; leaks deadlocks and unsafe retries = 0	An unselected driver contributes zero executable bytes capabilities IRQs DMA or attack surface
PERF-D22-G22	D22	G22	Opt-in driver lifecycle: 72-hour soak stability	P7	T0+HIL	design	release	specified	soak_drift	72 h: hard deadline misses = 0; memory growth = 0; p99 drift <= 5%; unexpected safe-state transitions = 0	An unselected driver contributes zero executable bytes capabilities IRQs DMA or attack surface
PERF-D22-G23	D22	G23	Opt-in driver lifecycle: spoor observability overhead	P7	T0+HIL	design	release	specified	observability_overhead	spoor enabled adds <= 2% p99 and <= 2% CPU cycles; allocations = 0; torn records = 0	An unselected driver contributes zero executable bytes capabilities IRQs DMA or attack surface
PERF-D22-G24	D22	G24	Opt-in driver lifecycle: same-hardware Linux advantage	P7	T0+HIL	design	claim	specified	linux_comparison_ratio	to claim superiority: TinyOS p99 <= 0.5x Linux PREEMPT_RT and <= 0.25x vanilla Linux; footprint <= 0.1x	An unselected driver contributes zero executable bytes capabilities IRQs DMA or attack surface
PERF-D22-G25	D22	G25	Opt-in driver lifecycle: same-hardware ten-times RTOS claim	P7	T0+HIL	design	claim	specified	rtos_comparison_ratio	to claim 10x: named primary metric improvement >= 10.0x versus median of at least 3 current RTOS baselines with equivalent safety	An unselected driver contributes zero executable bytes capabilities IRQs DMA or attack surface
PERF-D23-G01	D23	G01	Shell config and audit query: median latency	P2	Host+T0+T1+T2	design	release	specified	latency_us_p50	p50 <= 20 us	The shell has no direct kernel or driver mutation path and configuration fails closed
PERF-D23-G02	D23	G02	Shell config and audit query: p99 latency	P2	Host+T0+T1+T2	design	release	specified	latency_us_p99	p99 <= 50 us	The shell has no direct kernel or driver mutation path and configuration fails closed
PERF-D23-G03	D23	G03	Shell config and audit query: p99.9 tail latency	P2	Host+T0+T1+T2	design	release	specified	latency_us_p99_9	p99.9 <= 100 us	The shell has no direct kernel or driver mutation path and configuration fails closed
PERF-D23-G04	D23	G04	Shell config and audit query: observed maximum and WCET bound	P2	Host+T0+T1+T2	design	release	specified	latency_us_max	observed max <= 250 us and declared bound has >= 20% evidence margin	The shell has no direct kernel or driver mutation path and configuration fails closed
PERF-D23-G05	D23	G05	Shell config and audit query: jitter envelope	P2	Host+T0+T1+T2	design	release	specified	latency_jitter	p99-p50 <= 30 us and run-to-run p99 CV <= 5%	The shell has no direct kernel or driver mutation path and configuration fails closed
PERF-D23-G06	D23	G06	Shell config and audit query: median CPU cycles	P2	Host+T0+T1+T2	design	release	specified	cpu_cycles_p50	p50 <= 50000 cycles	The shell has no direct kernel or driver mutation path and configuration fails closed
PERF-D23-G07	D23	G07	Shell config and audit query: p99 CPU cycles	P2	Host+T0+T1+T2	design	release	specified	cpu_cycles_p99	p99 <= 150000 cycles	The shell has no direct kernel or driver mutation path and configuration fails closed
PERF-D23-G08	D23	G08	Shell config and audit query: microarchitectural efficiency	P2	Host+T0+T1+T2	design	release	specified	instructions_branch_cache	retired instructions <= 300000; branch misses <= 1%; L1D misses <= 3%	The shell has no direct kernel or driver mutation path and configuration fails closed
PERF-D23-G09	D23	G09	Shell config and audit query: image and feature footprint	P2	Host+T0+T1+T2	design	release	specified	image_bytes	feature code plus read-only data delta <= 512 KiB	The shell has no direct kernel or driver mutation path and configuration fails closed
PERF-D23-G10	D23	G10	Shell config and audit query: peak working memory	P2	Host+T0+T1+T2	design	release	specified	working_memory_kib	peak OS-owned working memory for work unit <= 1024 KiB	The shell has no direct kernel or driver mutation path and configuration fails closed
PERF-D23-G11	D23	G11	Shell config and audit query: steady-state allocation count	P2	Host+T0+T1+T2	design	release	specified	allocations_per_operation	heap allocations per steady-state work unit = 0; pool claims are separately counted	The shell has no direct kernel or driver mutation path and configuration fails closed
PERF-D23-G12	D23	G12	Shell config and audit query: allocation and reclamation latency	P2	Host+T0+T1+T2	design	release	specified	allocation_latency_us_max	setup or pool allocation max <= 10 us; reclamation is bounded	The shell has no direct kernel or driver mutation path and configuration fails closed
PERF-D23-G13	D23	G13	Shell config and audit query: queue residence p99	P2	Host+T0+T1+T2	design	release	specified	queue_wait_us_p99	enqueue-to-service p99 <= 100 us	The shell has no direct kernel or driver mutation path and configuration fails closed
PERF-D23-G14	D23	G14	Shell config and audit query: queue processing maximum	P2	Host+T0+T1+T2	design	release	specified	queue_service_us_max	service-start-to-completion max <= 250 us	The shell has no direct kernel or driver mutation path and configuration fails closed
PERF-D23-G15	D23	G15	Shell config and audit query: sustained throughput floor	P2	Host+T0+T1+T2	design	release	specified	throughput_per_second	sustained throughput >= 10000 work units/s where hardware transport is excluded as documented	The shell has no direct kernel or driver mutation path and configuration fails closed
PERF-D23-G16	D23	G16	Shell config and audit query: burst and backpressure safety	P2	Host+T0+T1+T2	design	release	specified	burst_recovery	2x throughput floor for 10 s; bounded queue; safety work completes <= 250 us	The shell has no direct kernel or driver mutation path and configuration fails closed
PERF-D23-G17	D23	G17	Shell config and audit query: cold start latency	P2	Host+T0+T1+T2	design	release	specified	cold_start_ms	cold start <= 25 ms with caches and device state reset as specified	The shell has no direct kernel or driver mutation path and configuration fails closed
PERF-D23-G18	D23	G18	Shell config and audit query: warm restart and reuse latency	P2	Host+T0+T1+T2	design	release	specified	warm_start_us	warm restart or reuse <= 250 us	The shell has no direct kernel or driver mutation path and configuration fails closed
PERF-D23-G19	D23	G19	Shell config and audit query: isolation under competing load	P2	Host+T0+T1+T2	design	release	specified	loaded_degradation	p99 degradation <= 5%; max degradation <= 10%; hard deadline misses = 0	The shell has no direct kernel or driver mutation path and configuration fails closed
PERF-D23-G20	D23	G20	Shell config and audit query: security denial cost and safety	P2	Host+T0+T1+T2	design	release	specified	denial_latency_and_state	denied or malformed work completes <= 62.5 us; state changes = 0; allocations = 0	The shell has no direct kernel or driver mutation path and configuration fails closed
PERF-D23-G21	D23	G21	Shell config and audit query: exhaustion and fault containment	P2	Host+T0+T1+T2	design	release	specified	fault_completion	fault decision and containment <= 250 us; leaks deadlocks and unsafe retries = 0	The shell has no direct kernel or driver mutation path and configuration fails closed
PERF-D23-G22	D23	G22	Shell config and audit query: 72-hour soak stability	P2	Host+T0+T1+T2	design	release	specified	soak_drift	72 h: hard deadline misses = 0; memory growth = 0; p99 drift <= 5%; unexpected safe-state transitions = 0	The shell has no direct kernel or driver mutation path and configuration fails closed
PERF-D23-G23	D23	G23	Shell config and audit query: spoor observability overhead	P2	Host+T0+T1+T2	design	release	specified	observability_overhead	spoor enabled adds <= 2% p99 and <= 2% CPU cycles; allocations = 0; torn records = 0	The shell has no direct kernel or driver mutation path and configuration fails closed
PERF-D23-G24	D23	G24	Shell config and audit query: same-hardware Linux advantage	P2	Host+T0+T1+T2	design	claim	specified	linux_comparison_ratio	to claim superiority: TinyOS p99 <= 0.5x Linux PREEMPT_RT and <= 0.25x vanilla Linux; footprint <= 0.1x	The shell has no direct kernel or driver mutation path and configuration fails closed
PERF-D23-G25	D23	G25	Shell config and audit query: same-hardware ten-times RTOS claim	P2	Host+T0+T1+T2	design	claim	specified	rtos_comparison_ratio	to claim 10x: named primary metric improvement >= 10.0x versus median of at least 3 current RTOS baselines with equivalent safety	The shell has no direct kernel or driver mutation path and configuration fails closed
PERF-D24-G01	D24	G01	Watchdog fault and deploy recovery: median latency	P1.5	T0+HIL	partial	release	specified	latency_us_p50	p50 <= 50 us	Every fault reaches the documented safe state before restart rollback or retry
PERF-D24-G02	D24	G02	Watchdog fault and deploy recovery: p99 latency	P1.5	T0+HIL	partial	release	specified	latency_us_p99	p99 <= 100 us	Every fault reaches the documented safe state before restart rollback or retry
PERF-D24-G03	D24	G03	Watchdog fault and deploy recovery: p99.9 tail latency	P1.5	T0+HIL	partial	release	specified	latency_us_p99_9	p99.9 <= 250 us	Every fault reaches the documented safe state before restart rollback or retry
PERF-D24-G04	D24	G04	Watchdog fault and deploy recovery: observed maximum and WCET bound	P1.5	T0+HIL	partial	release	specified	latency_us_max	observed max <= 500 us and declared bound has >= 20% evidence margin	Every fault reaches the documented safe state before restart rollback or retry
PERF-D24-G05	D24	G05	Watchdog fault and deploy recovery: jitter envelope	P1.5	T0+HIL	partial	release	specified	latency_jitter	p99-p50 <= 50 us and run-to-run p99 CV <= 5%	Every fault reaches the documented safe state before restart rollback or retry
PERF-D24-G06	D24	G06	Watchdog fault and deploy recovery: median CPU cycles	P1.5	T0+HIL	partial	release	specified	cpu_cycles_p50	p50 <= 100000 cycles	Every fault reaches the documented safe state before restart rollback or retry
PERF-D24-G07	D24	G07	Watchdog fault and deploy recovery: p99 CPU cycles	P1.5	T0+HIL	partial	release	specified	cpu_cycles_p99	p99 <= 300000 cycles	Every fault reaches the documented safe state before restart rollback or retry
PERF-D24-G08	D24	G08	Watchdog fault and deploy recovery: microarchitectural efficiency	P1.5	T0+HIL	partial	release	specified	instructions_branch_cache	retired instructions <= 600000; branch misses <= 1%; L1D misses <= 3%	Every fault reaches the documented safe state before restart rollback or retry
PERF-D24-G09	D24	G09	Watchdog fault and deploy recovery: image and feature footprint	P1.5	T0+HIL	partial	release	specified	image_bytes	feature code plus read-only data delta <= 256 KiB	Every fault reaches the documented safe state before restart rollback or retry
PERF-D24-G10	D24	G10	Watchdog fault and deploy recovery: peak working memory	P1.5	T0+HIL	partial	release	specified	working_memory_kib	peak OS-owned working memory for work unit <= 512 KiB	Every fault reaches the documented safe state before restart rollback or retry
PERF-D24-G11	D24	G11	Watchdog fault and deploy recovery: steady-state allocation count	P1.5	T0+HIL	partial	release	specified	allocations_per_operation	heap allocations per steady-state work unit = 0; pool claims are separately counted	Every fault reaches the documented safe state before restart rollback or retry
PERF-D24-G12	D24	G12	Watchdog fault and deploy recovery: allocation and reclamation latency	P1.5	T0+HIL	partial	release	specified	allocation_latency_us_max	setup or pool allocation max <= 10 us; reclamation is bounded	Every fault reaches the documented safe state before restart rollback or retry
PERF-D24-G13	D24	G13	Watchdog fault and deploy recovery: queue residence p99	P1.5	T0+HIL	partial	release	specified	queue_wait_us_p99	enqueue-to-service p99 <= 100 us	Every fault reaches the documented safe state before restart rollback or retry
PERF-D24-G14	D24	G14	Watchdog fault and deploy recovery: queue processing maximum	P1.5	T0+HIL	partial	release	specified	queue_service_us_max	service-start-to-completion max <= 250 us	Every fault reaches the documented safe state before restart rollback or retry
PERF-D24-G15	D24	G15	Watchdog fault and deploy recovery: sustained throughput floor	P1.5	T0+HIL	partial	release	specified	throughput_per_second	sustained throughput >= 1000 work units/s where hardware transport is excluded as documented	Every fault reaches the documented safe state before restart rollback or retry
PERF-D24-G16	D24	G16	Watchdog fault and deploy recovery: burst and backpressure safety	P1.5	T0+HIL	partial	release	specified	burst_recovery	2x throughput floor for 10 s; bounded queue; safety work completes <= 500 us	Every fault reaches the documented safe state before restart rollback or retry
PERF-D24-G17	D24	G17	Watchdog fault and deploy recovery: cold start latency	P1.5	T0+HIL	partial	release	specified	cold_start_ms	cold start <= 2000 ms with caches and device state reset as specified	Every fault reaches the documented safe state before restart rollback or retry
PERF-D24-G18	D24	G18	Watchdog fault and deploy recovery: warm restart and reuse latency	P1.5	T0+HIL	partial	release	specified	warm_start_us	warm restart or reuse <= 500 us	Every fault reaches the documented safe state before restart rollback or retry
PERF-D24-G19	D24	G19	Watchdog fault and deploy recovery: isolation under competing load	P1.5	T0+HIL	partial	release	specified	loaded_degradation	p99 degradation <= 5%; max degradation <= 10%; hard deadline misses = 0	Every fault reaches the documented safe state before restart rollback or retry
PERF-D24-G20	D24	G20	Watchdog fault and deploy recovery: security denial cost and safety	P1.5	T0+HIL	partial	release	specified	denial_latency_and_state	denied or malformed work completes <= 125 us; state changes = 0; allocations = 0	Every fault reaches the documented safe state before restart rollback or retry
PERF-D24-G21	D24	G21	Watchdog fault and deploy recovery: exhaustion and fault containment	P1.5	T0+HIL	partial	release	specified	fault_completion	fault decision and containment <= 500 us; leaks deadlocks and unsafe retries = 0	Every fault reaches the documented safe state before restart rollback or retry
PERF-D24-G22	D24	G22	Watchdog fault and deploy recovery: 72-hour soak stability	P1.5	T0+HIL	partial	release	specified	soak_drift	72 h: hard deadline misses = 0; memory growth = 0; p99 drift <= 5%; unexpected safe-state transitions = 0	Every fault reaches the documented safe state before restart rollback or retry
PERF-D24-G23	D24	G23	Watchdog fault and deploy recovery: spoor observability overhead	P1.5	T0+HIL	partial	release	specified	observability_overhead	spoor enabled adds <= 2% p99 and <= 2% CPU cycles; allocations = 0; torn records = 0	Every fault reaches the documented safe state before restart rollback or retry
PERF-D24-G24	D24	G24	Watchdog fault and deploy recovery: same-hardware Linux advantage	P1.5	T0+HIL	partial	claim	specified	linux_comparison_ratio	to claim superiority: TinyOS p99 <= 0.5x Linux PREEMPT_RT and <= 0.25x vanilla Linux; footprint <= 0.1x	Every fault reaches the documented safe state before restart rollback or retry
PERF-D24-G25	D24	G25	Watchdog fault and deploy recovery: same-hardware ten-times RTOS claim	P1.5	T0+HIL	partial	claim	specified	rtos_comparison_ratio	to claim 10x: named primary metric improvement >= 10.0x versus median of at least 3 current RTOS baselines with equivalent safety	Every fault reaches the documented safe state before restart rollback or retry
PERF-D25-G01	D25	G01	Combined system and footprint: median latency	cross	T1+T2	design	release	specified	latency_us_p50	p50 <= 50 us	Safety deadlines and isolation hold under the maximum admitted whole-system workload
PERF-D25-G02	D25	G02	Combined system and footprint: p99 latency	cross	T1+T2	design	release	specified	latency_us_p99	p99 <= 100 us	Safety deadlines and isolation hold under the maximum admitted whole-system workload
PERF-D25-G03	D25	G03	Combined system and footprint: p99.9 tail latency	cross	T1+T2	design	release	specified	latency_us_p99_9	p99.9 <= 250 us	Safety deadlines and isolation hold under the maximum admitted whole-system workload
PERF-D25-G04	D25	G04	Combined system and footprint: observed maximum and WCET bound	cross	T1+T2	design	release	specified	latency_us_max	observed max <= 500 us and declared bound has >= 20% evidence margin	Safety deadlines and isolation hold under the maximum admitted whole-system workload
PERF-D25-G05	D25	G05	Combined system and footprint: jitter envelope	cross	T1+T2	design	release	specified	latency_jitter	p99-p50 <= 50 us and run-to-run p99 CV <= 5%	Safety deadlines and isolation hold under the maximum admitted whole-system workload
PERF-D25-G06	D25	G06	Combined system and footprint: median CPU cycles	cross	T1+T2	design	release	specified	cpu_cycles_p50	p50 <= 100000 cycles	Safety deadlines and isolation hold under the maximum admitted whole-system workload
PERF-D25-G07	D25	G07	Combined system and footprint: p99 CPU cycles	cross	T1+T2	design	release	specified	cpu_cycles_p99	p99 <= 300000 cycles	Safety deadlines and isolation hold under the maximum admitted whole-system workload
PERF-D25-G08	D25	G08	Combined system and footprint: microarchitectural efficiency	cross	T1+T2	design	release	specified	instructions_branch_cache	retired instructions <= 600000; branch misses <= 1%; L1D misses <= 3%	Safety deadlines and isolation hold under the maximum admitted whole-system workload
PERF-D25-G09	D25	G09	Combined system and footprint: image and feature footprint	cross	T1+T2	design	release	specified	image_bytes	non-driver image <= 8192 KiB	Safety deadlines and isolation hold under the maximum admitted whole-system workload
PERF-D25-G10	D25	G10	Combined system and footprint: peak working memory	cross	T1+T2	design	release	specified	working_memory_kib	peak OS-owned working memory for work unit <= 4096 KiB	Safety deadlines and isolation hold under the maximum admitted whole-system workload
PERF-D25-G11	D25	G11	Combined system and footprint: steady-state allocation count	cross	T1+T2	design	release	specified	allocations_per_operation	heap allocations per steady-state work unit = 0; pool claims are separately counted	Safety deadlines and isolation hold under the maximum admitted whole-system workload
PERF-D25-G12	D25	G12	Combined system and footprint: allocation and reclamation latency	cross	T1+T2	design	release	specified	allocation_latency_us_max	setup or pool allocation max <= 10 us; reclamation is bounded	Safety deadlines and isolation hold under the maximum admitted whole-system workload
PERF-D25-G13	D25	G13	Combined system and footprint: queue residence p99	cross	T1+T2	design	release	specified	queue_wait_us_p99	enqueue-to-service p99 <= 50 us	Safety deadlines and isolation hold under the maximum admitted whole-system workload
PERF-D25-G14	D25	G14	Combined system and footprint: queue processing maximum	cross	T1+T2	design	release	specified	queue_service_us_max	service-start-to-completion max <= 100 us	Safety deadlines and isolation hold under the maximum admitted whole-system workload
PERF-D25-G15	D25	G15	Combined system and footprint: sustained throughput floor	cross	T1+T2	design	release	specified	throughput_per_second	sustained throughput >= 20000 work units/s where hardware transport is excluded as documented	Safety deadlines and isolation hold under the maximum admitted whole-system workload
PERF-D25-G16	D25	G16	Combined system and footprint: burst and backpressure safety	cross	T1+T2	design	release	specified	burst_recovery	2x throughput floor for 10 s; bounded queue; safety work completes <= 500 us	Safety deadlines and isolation hold under the maximum admitted whole-system workload
PERF-D25-G17	D25	G17	Combined system and footprint: cold start latency	cross	T1+T2	design	release	specified	cold_start_ms	cold start <= 100 ms with caches and device state reset as specified	Safety deadlines and isolation hold under the maximum admitted whole-system workload
PERF-D25-G18	D25	G18	Combined system and footprint: warm restart and reuse latency	cross	T1+T2	design	release	specified	warm_start_us	warm restart or reuse <= 500 us	Safety deadlines and isolation hold under the maximum admitted whole-system workload
PERF-D25-G19	D25	G19	Combined system and footprint: isolation under competing load	cross	T1+T2	design	release	specified	loaded_degradation	p99 degradation <= 5%; max degradation <= 10%; hard deadline misses = 0	Safety deadlines and isolation hold under the maximum admitted whole-system workload
PERF-D25-G20	D25	G20	Combined system and footprint: security denial cost and safety	cross	T1+T2	design	release	specified	denial_latency_and_state	denied or malformed work completes <= 125 us; state changes = 0; allocations = 0	Safety deadlines and isolation hold under the maximum admitted whole-system workload
PERF-D25-G21	D25	G21	Combined system and footprint: exhaustion and fault containment	cross	T1+T2	design	release	specified	fault_completion	fault decision and containment <= 500 us; leaks deadlocks and unsafe retries = 0	Safety deadlines and isolation hold under the maximum admitted whole-system workload
PERF-D25-G22	D25	G22	Combined system and footprint: 72-hour soak stability	cross	T1+T2	design	release	specified	soak_drift	72 h: hard deadline misses = 0; memory growth = 0; p99 drift <= 5%; unexpected safe-state transitions = 0	Safety deadlines and isolation hold under the maximum admitted whole-system workload
PERF-D25-G23	D25	G23	Combined system and footprint: spoor observability overhead	cross	T1+T2	design	release	specified	observability_overhead	spoor enabled adds <= 2% p99 and <= 2% CPU cycles; allocations = 0; torn records = 0	Safety deadlines and isolation hold under the maximum admitted whole-system workload
PERF-D25-G24	D25	G24	Combined system and footprint: same-hardware Linux advantage	cross	T1+T2	design	claim	specified	linux_comparison_ratio	to claim superiority: TinyOS p99 <= 0.5x Linux PREEMPT_RT and <= 0.25x vanilla Linux; footprint <= 0.1x	Safety deadlines and isolation hold under the maximum admitted whole-system workload
PERF-D25-G25	D25	G25	Combined system and footprint: same-hardware ten-times RTOS claim	cross	T1+T2	design	claim	specified	rtos_comparison_ratio	to claim 10x: named primary metric improvement >= 10.0x versus median of at least 3 current RTOS baselines with equivalent safety	Safety deadlines and isolation hold under the maximum admitted whole-system workload
