le_id	summary	origin	owner_path	ownership	state	raised_in	closed_in
LE-01	Priority-inheritance behavioral half never verified	STORY-P0-02-03	STORY-P1-04-01 criterion 3	owned	closed	hand-2026-07-26/32	hand-2026-07-28/09
LE-02	WCET enforcement has no timer and no watchdog behind it	STORY-P0-02-04	STORY-P1-04-02	owned	closed	hand-2026-07-26/32	hand-2026-07-28/11
LE-03	No real fault handling for the remaining vectors; #XF (19) #MC (18) and every other vector still reach the shared fail-closed default	hand-2026-07-26/32	FEAT-P1-02	owned	open	hand-2026-07-26/32	-
LE-04	No TSS/IST; a fault during fault handling triple-faults	hand-2026-07-26/32	STORY-P1-02-02	owned	closed	hand-2026-07-26/32	hand-2026-07-27/07
LE-05	exec::AddressSpace built but never installed	STORY-P0-05-02	FEAT-P1-03	owned	closed	hand-2026-07-26/32	hand-2026-07-27/05
LE-06	pool-bench was a divergent sibling harness	hand-2026-07-26/35	STORY-P1-01-01	owned	closed	hand-2026-07-26/35	hand-2026-07-27/05
LE-07	CI has never been observed running any of this work	hand-2026-07-26/07	Phase-independent	owned	closed	hand-2026-07-26/07	hand-2026-07-27/05
LE-08	I/O APIC device-IRQ routing deferred; local APIC only	STORY-P0-04-02	First Story routing a device IRQ	deferred-with-trigger	open	hand-2026-07-26/32	-
LE-09	No hardware tier; every timing number is Tier 0 and every timing claim carries release-blocking hardware debt	hand-2026-07-27/37 directive 1	Option B with the carve-out; a Pi 5 must produce a measurement. AMENDED by ADR 0005 (hand-2026-07-28/33, registered as LE-43): this row closes on a measurement, and a measurement establishes the TIER. It does NOT establish a BOUND -- quoting a worst-case bound additionally needs a secure-world qualification record for that platform at that firmware version. The two claims were fused in this row and are now separated. Closing LE-09 remains necessary and is not sufficient for a G04 bound	owned	closed	hand-2026-07-27/03	hand-2026-08-05/02A REPORT-2026-08-04-01: the tier exists (full TOS64-MEAS/2 envelope on rpi5-bcm2712, 8 metrics n=1000 dropped=0); per the ADR 0005 amendment this establishes the tier and not a bound
LE-10	ECAM/MCFG config access and PCI bridge traversal deferred	STORY-P0-04-03	First Story needing extended config space	deferred-with-trigger	open	hand-2026-07-26/32	-
LE-11	Context::new seeds task rflags with IF set; reframed as load-bearing under preemption but still open for fixtures that arm no IDT	STORY-P1-01-01	FEAT-P1-02	owned	open	hand-2026-07-27/05	-
LE-12	CI clippy never lints target-only fixture code	STORY-P1-01-01	Per-fixture target clippy in the CI lint job	unowned	open	hand-2026-07-27/05	-
LE-13	Measurement ran dev-profile binaries	STORY-P1-01-01	STORY-P1-01-02	owned	closed	hand-2026-07-27/05	hand-2026-07-27/09
LE-14	context::switch saves no SSE/x87 state; closed in the ISR stub rather than on the switch path	STORY-P1-01-01 and ADR 0003	FEAT-P1-04	owned	closed	hand-2026-07-27/05	hand-2026-07-28/09
LE-15	The AArch64 generic timer is a 54 MHz system counter; decide when a board exists	STORY-P1-01-03	Gated on LE-09	owned	closed	hand-2026-07-27/08	hand-2026-08-05/02A REPORT-2026-08-04-01: decided on the board by the recorded procedure - PMCCNTR_EL0 at 2400 MHz chosen over the 54 MHz CNTVCT_EL0 (BOARD VERDICT 5, delta=24000227 source=pmccntr)
LE-16	The Tier 0 timing gate detects only ~2x-or-worse regressions. STORY-P1-01-04 traded sensitivity for a verdict that is invariant to how fast the runner was, so a real 50 percent regression on a gated path now passes. The trade is right -- the 1.6x it replaced applied to a quantity observed swinging +318 percent on unchanged code -- but something was given up, and the const assert on relative_percent plus its derivation comment are the only defences against someone trimming the tolerance back to make it look sharper	STORY-P1-01-02	A sensitivity Story once a hardware tier exists; gated on LE-09, because no Tier 0 work recovers what was traded away	owned	open	hand-2026-07-27/09	-
LE-17	The fault path has no timing baseline	STORY-P1-02-01	A fault-latency fixture_measure phase	owned	closed	hand-2026-07-27/07	hand-2026-07-27/09
LE-18	The timing gate was host-condition-sensitive; identical binaries moved every gated metric together by 1.8-2.2x. ADDRESSED FOR HOST LOAD by STORY-P1-01-04's same-run ratio, demonstrated across four quadrants on one machine. IT SURVIVED FOR HOST IDENTITY and inside the ratio itself: D05/dispatch_select swung +80 percent then +4.4 percent between two CI runs of unchanged code, absorbed by the 100 percent tolerance rather than fixed, and it remains this gate's least-headroom metric exactly as it was before the Story	STORY-P1-02-02	LE-23's second candidate fix -- a second memory-bound reference, with each metric normalised against whichever composition it resembles	unowned	open	hand-2026-07-27/09	-
LE-19	--update-baseline rewrites every measured row; part (a) closed, part (b) open to refresh a named metric without touching the rest	hand-2026-07-27/09	Prerequisite of the LE-23 re-baseline: refreshing the offset rows without rewriting the rest is what makes that fix safe to apply	unowned	open	hand-2026-07-27/09	-
LE-20	Preemption proven in fixtures but the shipping image installed no TickHook; was a denial-of-service hole, not a wiring gap	STORY-P1-04-01	STORY-P1-04-03	owned	closed	hand-2026-07-28/09	hand-2026-07-28/13
LE-21	The graceful-degradation tier is a downgrade attack on the forged-kernel defence; a TPM-unreachable fallback is strictly easier than forging measurements	hand-2026-07-28/07 section 8.1	STORY-P9-04-02; a named exit criterion of EPIC-P9	owned	open	hand-2026-07-28/07	-
LE-22	Degrade and priority inheritance are unreconciled; PriorityInheritingLock restores a pre-boost priority on unlock so a degrade applied to a boosted holder is silently undone, and degrading a boosted task discards a boost a waiter depends on. INDEPENDENTLY CONFIRMED by the 2026-07-28 external expert audit, which supplied the fix shape this row lacked: replace the stored original_priority restore with a DYNAMIC EFFECTIVE PRIORITY function -- effective = max(base after any degrade, highest waiter priority) evaluated on demand -- so that unlock composes with degrade instead of overwriting it, because the bug is storing a decision that two subsystems can both change	hand-2026-07-28/11	Doc comments in both modules is minutes; reconciling it is a Story, now with a named fix shape (dynamic effective priority) rather than only a diagnosis  CLOSED in hand-2026-07-28/43A by STORY-P1-04-04, using the fix shape the external audit supplied and refusing the alternative the code comment had already warned against. Tcb now holds base_priority (what wcet degrade lowers) and inherited_priority (what lock boost raises), and the priority everything SCHEDULES on is derived as their max on demand, so there is no stored decision left for a second writer to invalidate. The writers are separated by name -- set_base_priority for wcet, inherit_priority and release_inheritance for lock -- and neither can reach the other field. Both orderings now compose: a degrade taken while boosted survives the unlock (the task lands on its floor, not its pre-boost priority) and a degrade applied to a boosted holder does not disturb the boost, so the waiter is not starved by an unrelated overrun. SHOWN TO DETECT: reverting the composition turns four host tests red with diagnostics naming the defect, while all seven pre-existing lock tests stay GREEN under the same falsification -- which is why this shipped. The overrun is driven through wcet::account_tick, the entry point the timer ISR calls, not through record_tick which only detects. TIER 0 IS NOT CLAIMED and is LE-50; the per-lock release hole found while fixing this is LE-49	owned	closed	hand-2026-07-28/11	hand-2026-07-28/43A
LE-23	CONFIRMED by two CI runs (30294647525, 30294872213): the Windows-recorded baseline reads systematically high on the Linux runner. D04, D05/dispatch_run_once and D02 came in 23-53 percent BELOW baseline in both runs, consistently signed, and two of them now report improved-is-the-baseline-stale -- the gate correctly reporting a baseline from the wrong host. D05/dispatch_select is separately unstable run-to-run on CI (+80 percent then +4.4 percent between two runs), which is LE-18's failure mode surviving in the ratio at smaller amplitude	STORY-P1-01-04	Re-record the baseline from a CI run to fix the systematic offset; the dispatch_select instability is a separate question and may need a second reference of memory-bound composition	unowned	open	hand-2026-07-28/15	-
LE-24	D07/pool_u64x64_alloc_free_round_trip medians to 0 cycles on the Windows dev host, below the harness's own calibrated rdtsc overhead, so it is ungated rather than fixed. HOST-SPECIFIC: CI run 30294647525 measured it at 25 cycles, so on the Linux runner it is measurable and would be gateable -- the ungating is a property of where the baseline was recorded, not of the metric	STORY-P1-01-04	Re-examine alongside LE-23; a batched-iteration shape (time N operations and divide) would make it host-independent	owned	closed	hand-2026-07-28/15	hand-2026-08-05/02A REPORT-2026-08-04-01: the batched shape landed and is non-zero on both hosts of record - 35 cycles/op gated on the Windows host whose median-0 raised this row, 480 cycles/op on the board, with the residue thesis observed on silicon (unbatched 383 vs batched 480 for the identical operation)
LE-25	unhandled_interrupt_handler cannot name the vector it caught; it is one shared stub installed for every unrouted vector and receives no vector argument, so the fail-closed sentinel proves containment was reached but not which vector reached it	STORY-P0-01-04	Needs per-vector trampolines	unowned	open	hand-2026-07-28/18	-
LE-26	EPIC-P1_5 recorded peer-to-peer Ethernet as the near-term deploy transport, but on a Pi 5 USB Ethernet and GPIO sit behind the RP1 southbridge over PCIe, so that transport implies PCIe bring-up plus an RP1 driver plus a NIC driver before one byte can be deployed; the decision is stale against the actual first board	hand-2026-07-28/19	FEAT-P1-07 routes around it with SD-card image swap plus the debug UART; the EPIC-P1_5 transport decision itself needs re-opening	unowned	open	hand-2026-07-28/19	-
LE-27	The ARM64 CycleSource and Timebase shipped in STORY-P1-01-03 have never executed on silicon; hal::time::conformance passing on the host is evidence about arithmetic, not about CNTVCT_EL0 CNTFRQ_EL0 or PMCCNTR_EL0	STORY-P1-01-03	STORY-P1-07-04	owned	closed	hand-2026-07-28/19	hand-2026-08-05/02A REPORT-2026-08-04-01: executed on silicon - CNTVCT monotonic (span=168), CNTFRQ=54000000 read raw, PMCCNTR counting at the A76 core clock (BOARD VERDICT 5)
LE-28	--update-baseline is one command away from turning a confirmed cross-host offset into a false green: it rewrites measured rows with whatever the current host produced, and nothing in the tool asks where the previous rows came from or refuses when the recording host differs. Handover 16 warns about it in prose, and a warning is weaker than a gate	hand-2026-07-28/20 SWOT threat 4	A guard Story: record the recording host in the baseline file and refuse a silent cross-host rewrite; pairs with LE-19 part (b)	unowned	open	hand-2026-07-28/20	-
LE-29	Declared-but-never-exercised is guarded for Tier 0 fixtures only. STORY-P0-01-04 found 9 of 23 fixtures with no CI step because the drift guard checked CI-to-table and left table-to-CI unguarded; the same question has never been asked of the 20 security controls, the 20 boundary tests, or the 625 performance cells, every one of which is declared by contract rows and selected by Stories that may never have exercised it. WORKED INSTANCE, from the 2026-07-27 external analysis (handover 28): G19 asks for isolation under 90 percent competing inference network driver and memory load. D25 is selected by ELEVEN Stories, so PERF-D25-G19 is a contracted obligation eleven times over and has no evidence behind any of them; D17 (GPU UMM and admission) is selected by ZERO Stories, so the CPU/GPU memory-bus contention risk has a home in the catalogue that nothing points at. The two failure modes are different -- a declared cell nobody measured, and a domain nobody selected -- and the bidirectional guard must catch both	STORY-P0-01-04 generalised	A coverage Story applying the bidirectional guard to the security, boundary and performance catalogues	unowned	open	hand-2026-07-28/20	-
LE-30	goals/index.html is hand-maintained against the machine-readable spine and drifted three times in one day; list-status already emits Epic/Feature/Story state as TSV, so the dashboard is a rendering of data the tooling already has	hand-2026-07-28/20 SWOT opportunity 6	A small Story generating the dashboard's status tables from list-status rather than by hand  CLOSED in hand-2026-07-28/42A by STORY-P0-01-08, and the row proved itself one last time first: hand-2026-07-28/41A re-synced four stale tiles and watched two of its own figures go stale MID-EDIT (Reports 46 to 47, loose ends 44 to 46). The page has two kinds of content and they get different treatment. The stat tiles are pure spine arithmetic and are GENERATED -- cargo run -p xtask -- emit-dashboard prints the block and check-assurance-spine byte-compares the committed region against it, printing the expected block so the fix is in the error message. The prose is an argument written by people and is GATED not generated: only its claims are extracted, namely the spine-count sentence and every Story status badge. THE BADGE HALF IS LE-44 RULE ONE DOCUMENT ALONG AND FOUND THE SAME DEFECT CLASS ON FIRST CONTACT -- seven badges read VERIFIED for Stories whose own header says Functionally Verified, and ONE OF THE SEVEN WAS WRITTEN BY THE SESSION THAT BUILT THE LE-44 GATE, three days after it corrected seven Feature-table cells for exactly this. All seven fixed toward the Story; nothing grandfathered. Also derives 41A hand count: 391 in-play release gates, 345 reachable at Host or Tier 0, 46 needing a board, now a self-recomputing tile rather than an assertion. STILL HAND-WRITTEN: the per-Story tables, which can be incomplete but can no longer contradict the spine. LE-34 is the same shape in a third document and stays open	owned	closed	hand-2026-07-28/20	hand-2026-07-28/42A
LE-31	Every Report and both index pages attribute the zero assurance-verified Stories to LE-09 (no hardware tier), and that attribution is wrong for nine of them. STORY-P0-02-03, P0-03-01, P0-03-03, P0-05-01, P0-06-01, P0-06-02, P0-06-03, P0-07-01 and P0-07-02 select only domains whose catalogue tier names no T1 or T2 at all. Eight of the nine name HIL, which this project also lacks -- but STORY-P0-05-01 selects D09 alone, whose 23 release gates are every one of them Host+T0, hardware that already exists. Whether all 23 actually close is unproven and needs an audit rather than an assumption; G08 wants retired-instruction, branch-miss and L1D-miss counts that QEMU TCG cannot give, so it may be Host-only, and G22 is a 72-hour soak. AUDIT FIRST PASS (handover 28) mechanically confirms the nine and adds the sharper finding: eight of them select only Host+T0+HIL domains (D06 D07 D11 D12 D13) and HIL is NOT the Pi 5 -- the HIL rigs are CAN/USB hardware-in-the-loop, deferred to Phase 3 once the bus stack exists. So closing LE-09 will not move those eight, and the attribution is not merely wrong today, it stays wrong after LE-09 closes. STORY-P0-05-01 remains the sole candidate: D09 alone, tier Host+T0, no HIL row at all. PROGRESS (hand-2026-07-28/30): STORY-P0-01-06 worked that candidate and dispositioned all 25 D09 gates with a named blocker each. LE-09 is the correct blocker for exactly ONE of the 25 -- G08, which wants PMU counters QEMU/TCG does not expose -- and the other 24 are tooling, environment, or subsystems that do not exist. PERF-D09-G20 closed on measurement, the first gate in the register closed on one. ONE OF NINE IS DONE and the Story states so explicitly; the remaining eight are the HIL-blocked ones, so what they need is a rig this project does not have rather than more auditing	hand-2026-07-28/22 dashboard audit	An audit Story: establish per-Story what actually blocks verified, and attempt STORY-P0-05-01 as the one candidate needing no hardware purchase	unowned	open	hand-2026-07-28/22	-
LE-32	The spine records one all-or-nothing assurance state per Story, so a Story with 20 of its 23 release gates closed is indistinguishable from one with none. There is no per-guardrail evidence register, which is why the dashboard shows a bare zero that cannot move gradually and why no amount of real measurement work is visible until a threshold flips. Recording which PERF-Dnn-Gnn ids have dated evidence is compatible with the charter's no-aggregate-score rule -- that rule forbids hiding a failed gate behind a summary, not tracking which gates have evidence	hand-2026-07-28/22 dashboard audit	A Story adding a guardrail-evidence register keyed by PERF-Dnn-Gnn, validated by check-assurance-spine the way contract rows already are	unowned	closed	hand-2026-07-28/22	hand-2026-07-28/25
LE-33	ADR 0004 decides that x86_64 cannot carry a worst-case latency bound -- SMIs are invisible unmaskable and unattributable so any WCET stated on x86_64 is a claim about the firmware -- but nothing mechanical enforces that decision. A Report can quote an x86_64 or Tier 0 QEMU number as a G04-class observed-maximum or WCET bound and every gate in this repository stays green. The ADR states the prohibition in prose (its consequences section forbids PROMOTING an x86_64 measurement into a worst-case bound while explicitly leaving the measurements themselves valid) and prose is weaker than a gate. This is LE-28 s failure mode in a second place: a correct decision with no machine behind it	hand-2026-07-28/28 external analysis response	A guard Story: carry the measuring architecture and tier in the TOS64-MEAS/1 envelope and have check-performance-catalogue or a Report lint refuse a G04 bound whose evidence is sourced from x86_64 or Tier 0; pairs with LE-28 as the second instance of a warning that should be a gate  SECOND CONDITION added by ADR 0005 (hand-2026-07-28/33): the same lint must also refuse a G04 bound sourced from an ARM64 platform holding no secure-world qualification record, which means the TOS64-MEAS/1 envelope carries a platform identity and a qualification-record reference, not only an architecture and a tier  CLOSED in hand-2026-07-28/39B by STORY-P0-01-07. The TOS64-MEAS envelope is bumped to /2 and carries platform= and qualification= alongside tier= and arch=, emitted by the fixture at the moment of measurement rather than added by a human afterwards. goals/assurance/qualified-platforms.tsv registers every measuring platform and whether it holds a record, and records zero qualified per ADR 0005 decision 3 -- the Pi 5 included. check-assurance-spine now refuses a G04-class guardrail-evidence row unless its Report carries a TOS64-BOUND/1 claim for that id, and refuses the claim if its tier is T0, its arch is x86_64, its platform is absent from the register or not qualified, its arch disagrees with the register, or it cites a qualification record other than the registered one. THE GATE IS DEMONSTRATED RATHER THAN ASSUMED: no G04 row exists today so a green run proves nothing about it, and eleven host tests drive each refusal positively plus an acceptance case that passes only because a fabricated platform is marked qualified. LIMIT STATED: the gate reads the machine-readable spine and not English, so a Report can still write a bound in a sentence	owned	closed	hand-2026-07-28/28	hand-2026-07-28/39B
LE-34	README v1 supported-set list is prose and drifts. Two dated corrections landed on the same three lines in ONE day -- the Raspberry Pi phase placement, and the QEMU ARM64 CI-gate claim that LE-09 and LE-27 exist to deny -- and each was repaired by appending another paragraph of prose beneath it, which is what a third corrector will also do. The list needs a state column (planned / compiles-only / Tier 0 gated / hardware in hand) carrying a value per target, so a claim of coverage becomes a field that can be checked rather than a sentence that can rot. An external reviewer read the stale line in good faith and reported a QEMU ARM64 pipeline back to the project as confirmation. SIBLING OF LE-30: same failure mode, different hand-maintained document	hand-2026-07-28/28 external analysis response	A small Story converting the v1 target list to a table with a machine-checkable state column; pairs with LE-30 which does the same job for goals/index.html	unowned	open	hand-2026-07-28/28	-
LE-35	D17 (GPU UMM and admission) is selected by zero Stories and the obvious fix is unsafe as stated. Selecting a domain pulls all 25 guardrails into the selecting Story contract, and D17 readiness is design -- the subsystem does not exist -- so a Story selecting D17 inherits 25 obligations not one of which can be closed. Handover 25 set the precedent by refusing to record G11 evidence for design stand-in-only specified and unbuilt domains, on the grounds that a guardrail cannot be closed for a subsystem that does not exist. The rule that implies has never been written down: a Story selecting a design-readiness domain must initialise those guardrails as STATED OPEN DEBT at selection time rather than as satisfiable obligations, or the contract presents as closeable and the cheapest lie available becomes recording all 25	hand-2026-07-28/28, from the D17 half of LE-29	The Story that first owns D17; the rule belongs in goals/assurance/README.md and ideally in check-assurance-spine so a design-readiness selection cannot present as satisfiable  CLOSED in hand-2026-07-28/39B by STORY-P0-01-07. The rule is written into goals/assurance/README.md under its own heading and enforced by check-assurance-spine: a Story contract selecting a domain whose catalogue readiness is design stand-in-only specified or unbuilt must carry a row in goals/assurance/open-debt.tsv. Both directions are refused -- a selection without debt, a debt row for an implemented domain, a debt row disagreeing with the catalogue readiness, and a Story-domain pair present in both open-debt.tsv and guardrail-evidence.tsv, because a gate cannot be unclosable and closed at once. Applied to the committed tree rather than only to fixtures: 24 existing Story-domain pairs now carry a stated reason each. The rule W2 needed before it could select a domain now exists	owned	closed	hand-2026-07-28/28	hand-2026-07-28/39B
LE-36	CONCURRENT_SESSIONS had no rule about leaving a shared machine-checked file invalid between edits. On 2026-07-28 a hand-built edit to loose-ends.tsv consumed a field separator and left a 7-field row in an 8-field file for several tool calls; check-assurance-spine failed for a concurrent session that had changed nothing and could not diagnose the cause from its own tree. Rule 2 caught it, which is the gate working as designed, but nothing PREVENTED it. Rule 8 now states both the discipline and the correct response when you hit someone else broken row. What is still missing is a machine: nothing validates a spine TSV at write time, so the rule is prose and the next occurrence depends on someone remembering it -- the same gap LE-28 and LE-33 name elsewhere	hand-2026-07-28/28, incident observed and reported by the STORY-P1-07-02 session	A cheap field-count guard on the assurance TSVs runnable after every hand edit, or an xtask subcommand fast enough that there is no excuse to skip it; rule 8 is the interim measure  UNDER-SPECIFIED, shown by a second incident on 2026-07-28 (hand-2026-07-28/36): two sessions each wrote an LE-43 row and the spine went red with duplicate id LE-43, but BOTH rows were well-formed at eight fields, so the field-count guard this row asks for ran, passed, and could not have caught it. A duplicate id is a different defect class from a consumed separator. The guard must therefore also check id uniqueness and contiguity -- which validate_loose_ends already does, so the cheap correct answer is a fast subcommand wrapping the existing validator rather than a new field counter. CONCURRENT_SESSIONS rule 8 now names the instrument and adds guarding the write itself, not only validating the result  CLOSED in hand-2026-07-28/39B by STORY-P0-01-07 as the corrected row asked -- a fast subcommand wrapping the existing validators rather than a new field counter. cargo run -p xtask -- check-spine-files validates all 15 hand-edited spine TSVs for header agreement field count key uniqueness and id contiguity, reads no second file, and returns in well under a second. A host test asserts it is a strict subset of check-assurance-spine. CONCURRENT_SESSIONS rule 8 now names it in place of the field-count pass the incident showed to be insufficient	owned	closed	hand-2026-07-28/28	hand-2026-07-28/39B
LE-37	CPACR_EL1 is never initialised. drop_to_el1 writes HCR_EL2 CNTHCTL_EL2 CNTVOFF_EL2 SCTLR_EL1 SPSR_EL2 SP_EL1 and ELR_EL2, and never touches CPACR_EL1, whose reset value is architecturally UNKNOWN -- so FP/SIMD access at EL1 may trap with EC 0x07. VERIFIED, AND THE OBVIOUS SEVERITY IS WRONG: targets/aarch64-tinyos.json sets abi softfloat and features +v8a,+strict-align,-neon, so no FP or SIMD is emitted today and nothing traps. The defect is that a JSON build flag is standing in for a hardware initialisation and nothing enforces the flag -- add one neon-using dependency, or one intrinsic, and the trap arrives with no vector table to report it	hand-2026-07-28/29 external expert audit	STORY-P1-07-03 or a boot-path Story: set CPACR_EL1.FPEN explicitly in drop_to_el1 rather than relying on the target spec; needs a Red first, and no clause of TEST-P1-07-02-A covers it. BETTER ENFORCEMENT FOUND (hand-2026-07-28/30): scan the BUILT AArch64 artifact for SIMD/FP mnemonics and operands rather than pinning the JSON -- that catches SIMD arriving from core or a dependency, which pinning the flag never protected against. Verified zero across 218,004 instructions in hal-arm64 + core + compiler_builtins, with the detector self-tested on v1.16b q0 d0 and fadd s0 first, because a zero from an unexercised detector proves nothing	unowned	open	hand-2026-07-28/29	-
LE-38	No emergency fault stack on ARM64. The vector table routes EL1h (SP_ELx), so an exception arrives on the same stack that may have caused it: a stack overflow or an unaligned SP faults again inside the handler, before any UART output. THIS IS LE-04 ON A SECOND ARCHITECTURE -- x86 closed exactly this failure with TSS/IST in STORY-P1-02-02, and AArch64 has no IST equivalent, so the fix is a different mechanism (SP_EL0 for normal execution with SP_EL1 reserved for exceptions, or an explicit stack switch on entry) for the identical defect	hand-2026-07-28/29 external expert audit, LE-04 twin	A Story; FEAT-P1-07 section 6 says a seventh Story means re-decomposing rather than extending, so this is a deliberate scope decision and not a patch	unowned	open	hand-2026-07-28/29	-
LE-39	ADR 0004 premise is unsound as stated. Its load-bearing sentence is that interrupt masking at EL1 means what it says, and against GICv3 Group 0 / Secure Group 1 interrupts routed by SCR_EL3.FIQ it does not: secure-world interrupts preempt NS-EL1 irrespective of PSTATE.I, consume cycles EL1 cannot attribute, and perturb cache and TLB state. That is structurally the SAME hole ADR 0004 disqualifies x86_64 for. Bare-metal EL3 is not a fix on the first board -- Pi 5 firmware owns EL3 and cannot be displaced -- so the honest repair is to apply ADR 0004 own falsifiability test to ARM64: the real-time tier becomes conditional on per-platform secure-world qualification rather than automatic. BLOCKS EVERY FUTURE ARM64 WCET CLAIM until decided	hand-2026-07-28/29 external expert audit, answering the question handover 28 put to the reviewer	DECISION OPEN: ADR 0005 superseding 0004 (recommended, since Reports already cite 0004 and a silent edit would rewrite what they cite), versus mandating EL3 (rejected on the Pi 5 boot chain). Pairs with LE-33, whose enforcement lint gains a second condition once decided  DECIDED: ADR 0005 supersedes ADR 0004 and makes the real-time tier conditional on per-platform secure-world qualification; a qualification record is Q1 platform and firmware identity, Q2 the secure-world configuration and how it was determined, Q3 an NS-EL1 residency campaign with a positive control, Q4 the refusal to over-claim. Zero platforms qualified at close, the Pi 5 included	owned	closed	hand-2026-07-28/29	hand-2026-07-28/33
LE-40	exec::shared_memory::grant panics rather than failing closed, on an invariant nobody wrote down. The mapping loop re-reads owner_space.translate and calls .expect(validated present in the loop above); the re-read is deliberate and documented, and it is correct TODAY because owner_space is held under a shared borrow on a single core. NOT the TOCTOU it was reported as -- this is page-table translation, not payload-header parsing, and no C4 domain has a mutation path -- but two real defects remain: a panic on a kernel path where the rule is fail-safe over keep-trying, and a safety argument that depends on an unstated no-concurrent-mutation assumption which SMP would invalidate silently	hand-2026-07-28/29 external expert audit, reported as a PD-06 TOCTOU and downgraded on inspection	State the invariant in the function contract now (minutes); replacing the .expect with a fail-closed path is a Story, and it must happen before any SMP work	unowned	closed	hand-2026-07-28/29	hand-2026-07-29/01
LE-41	os/Cargo.toml declares license = MIT and NO LICENSE FILE EXISTS in the repository. Declared-but-absent licensing is a diligence finding on its own, and the deeper problem is strategic: MIT is permissive, so anything published under it can be forked and closed by a silicon vendor or a competitor -- the exact outcome an open-core or dual-licence model exists to prevent. Relicensing is still possible ONLY while authorship is single-source; the window closes permanently the moment an outside contributor lands	hand-2026-07-28/29 commercial review, not raised by the reviewer	DECISION OPEN and time-sensitive: confirm MIT and drop open-core optionality, or relicense before outside contributions arrive. Either way the LICENSE file itself is minutes and should not wait on the strategy  DECIDED by the owner: MIT is confirmed and open-core optionality is dropped, recorded in ADR 0006. Fork-and-close is an accepted risk in writing; the commercial position rests on the ADR 0005 qualification evidence and the assurance spine, not on withheld source. LICENSE landed in b663376 and the workspace key plus all seven crates already agree, so no code change follows. The relicensing window is deliberately allowed to close and nothing needs to be watched or gated	owned	closed	hand-2026-07-28/29	hand-2026-07-28/33
LE-42	The D09 accept path measures 17.6-39.1x over every latency and cycle budget its own catalogue rows state: p50 4510818 cycles (1952.7 us) against G06 150000 cycles and G01 50 us, p99 8796646 against G07 500000. Tier 0 QEMU/TCG timing is not proportional to hardware so the magnitude does not transfer, and the run-to-run p99 CV of 22-71 percent means no stable verdict exists in this environment at all (G05 wants <= 5 percent) -- but a 30x overshoot is far outside what measurement noise plausibly explains, and PE64 parse cost had never been measured before STORY-P0-01-06	STORY-P0-01-06 D09 audit	Re-measure on a stable environment (a CI run, per LE-23) before concluding anything about the parser; if it survives that, the accept path needs either optimisation or a re-derived budget with its reasoning recorded	unowned	open	hand-2026-07-28/30	-
LE-43	ADR 0005 made the ARM64 real-time tier conditional on per-platform secure-world qualification, and the two artifacts carrying LE-09 closure condition were not amended with it. LE-09 owner_path still reads "a Pi 5 must produce a measurement", and FEAT-P1-07 exit criteria still ask only for a Report stating board revision firmware version clock policy and thermal state. Neither mentions qualification and neither links to ADR 0005 -- inside goals/ only EPIC-P1.md and index.html do. Handover 33 states the correct reading, that closing LE-09 yields mechanism evidence and the FIRST Q3 campaign rather than a bound, but a session working FEAT-P1-07 reads the Feature and not the handover. This is prose-versus-register in a new place: the narrative knows and the machine-readable artifacts do not	hand-2026-07-28/34, found while grounding handover 33	A dated amendment to FEAT-P1-07 exit criteria and to LE-09 owner_path, both pointing at ADR 0005 and separating the two claims -- a measurement establishes the tier, a BOUND additionally needs a qualification record. Pairs with LE-33 second condition, which is precisely the lint that would catch the error this row describes  CLOSED in hand-2026-07-28/35, which verified the amendments rather than inheriting them: LE-09 owner_path, FEAT-P1-07 exit criteria and STORY-P1-07-06 named debt all now separate tier from bound and all three link ADR 0005, landed by the concurrent session in c4de6e1 and checked here against ADR 0005 clause by clause. Also corrected FEAT-P1-07 citation of the ADR trap section, which named a heading that does not exist. The MECHANICAL half is deliberately NOT closed here and stays with LE-33 second condition, the lint that would refuse a G04 bound from an unqualified platform -- amending prose removes this instance and does not stop the next, so a Report quoting one of these numbers as a bound would still pass every gate	owned	closed	hand-2026-07-28/34	hand-2026-07-28/35
LE-44	FEAT-P1-07 Stories table said STORY-P1-07-01 needs a board for "criteria 2 and 4" while the Story own status header says 3 and 4. Criterion 2 is the host-testable stack/.bss/EL2-to-EL1 drop; criterion 3 is CurrentEL printed first, which under ADR 0005 is ALSO the first Q1 evidence -- so the Feature understated what a board session must close, on precisely the criterion that produces qualification evidence. The -02 row was correct, which is why this read as a typo rather than a pattern. The MECHANICAL gap is what this row registers: check-assurance-spine validates each artifact own Status: header grammar (84 of them) but never reads the per-Story status column inside a Feature Stories table, so a Feature and its Story can disagree about which criteria are blocked indefinitely while every gate stays green	hand-2026-07-28/36, found while grounding handover 34	Cross-check every Feature Stories-table row against the referenced Story own Status: header in check-assurance-spine. The state word (In progress / Verified / Specified) can be compared exactly, and any "criteria N" or "criterion N" tokens can be extracted and required to match; both documents are already read and parsed by validate_status_headers, so nothing new needs opening. Same class as LE-30 (generate rather than hand-maintain), LE-28 and LE-33 (a warning or a prose rule where a gate belongs). The -01 row itself was fixed in hand-2026-07-28/36; this row is the machine that would have caught it  CLOSED in hand-2026-07-28/39B by STORY-P0-01-07. check-assurance-spine now parses every Feature Stories-table row and compares it against the referenced Story own Status: header -- the state word exactly, and criterion N or criteria N and M tokens as a set. 59 rows are cross-checked. IT FOUND TWO CLASSES OF LIVE DISAGREEMENT on first run: STORY-P1-03-02 header still read In progress four days after FEAT-P1-03 recorded it Verified in two places and handover 04 implemented it, and seven Feature rows read Verified where the Story own header read Functionally Verified, which is a weaker state carrying assurance debt a reader of the stronger word would not look for. All were fixed toward the Story, which is authoritative about its own state. Nothing was grandfathered	owned	closed	hand-2026-07-28/36	hand-2026-07-28/39B
LE-45	The 72h soak behind STORY-P0-03-01 and PERF-D07-G22 logged an ANOMALY at elapsed_hours=35.85: the QEMU regression sweep returned priority-inversion exit 1 where 0 is expected, so that cycle is a FAIL. NOT REPRODUCED in 26 consecutive re-runs immediately afterwards, all exit 0 and all reporting TOS64-RESULT/1 fixture=priority-inversion ok=true, and no scheduler, lock, preempt or dispatch source differs from HEAD or changed since the previous checkpoint. The cause is UNKNOWN and unproven. The only hypothesis is host contention from a second agent committing to this tree at 11:42Z, 11:44Z and 11:45Z, immediately before and into the sweep window -- a contributing factor at most and explicitly not evidence. CONSEQUENCE: the step 6 precondition that every logged cycle passed with no anomaly is NOT met, so PERF-D07-G22 cannot close on this run	goals/reports/_soak-p0-03-01.log checkpoint 10, 2026-07-28T11:51:09Z	OWNER DECIDED 2026-07-28: run the soak to 72h for the stability data but DO NOT close PERF-D07-G22 on this run, and do NOT discount the checkpoint. Discounting an unexplained failure in order to meet a gate own stated precondition is the over-claiming pattern ADR 0005 and LE-33 exist to prevent, and it would be worse here than elsewhere because the soak exists to catch exactly the intermittent class this anomaly belongs to. A clean 72h clock is restarted afterwards with serial capture enabled per LE-46. This row closes when either the cause is identified or a clean unbroken 72h run exists -- not when the remaining 35h finish	owned	open	hand-2026-07-28/40A	-
LE-46	The soak QEMU regression sweep runs without --serial-capture, so when checkpoint 10 recorded a priority-inversion FAIL (LE-45) NO diagnostic existed for the one run that mattered, and 26 clean re-runs cannot recover what the failing instance would have printed. An unreproducible failure with no capture is indistinguishable from an environmental artifact and from a real intermittent scheduler defect, and the soak exists precisely to catch the latter. The sweep is armed to DETECT but not to EXPLAIN, which is the same shape as LE-29 declared-but-never-exercised one level along: the instrument fires and leaves no trace	hand-2026-07-28/40A, found while registering LE-45	Run the soak sweep with --serial-capture per fixture, or at minimum retain a capture for any non-zero exit and re-run under capture before the checkpoint is written. Cheap: the flag already exists and CI already uses it for broken-boot and idt-apic-unrouted. Until then any future PERF-D07-G22 closure is exposed to the same objection, because an anomaly with no capture cannot be adjudicated either way	unowned	open	hand-2026-07-28/40A	-
LE-47	The Pi 5 bring-up never enumerated its option space for getting evidence off the board. Ethernet USB and GPIO were correctly ruled out as RP1-over-PCIe, but framebuffer HDMI mailbox VideoCore JTAG and LED blink coding appear nowhere in session/ or goals/, so the absence of one commodity USB-serial adapter became the project's definition of blocked for six sessions. STORY-P1-07-01 criterion 3 (CurrentEL printed) may not be blocked at all; criterion 4 (a byte sequence reaching the host) genuinely is	hand-2026-07-28/41A	Verify whether the VideoCore mailbox framebuffer is reachable without RP1, and treat the adapter as a procurement item rather than an engineering constraint	unowned	open	hand-2026-07-28/41A	-
LE-48	MS-DOS 4+ ergonomic parity is founding intent (SeedMVP section 1 item 2, G-RT-5) and docs/cli-compatibility-mvp.md specifies 22 canonical verbs with DOS and POSIX bindings, but at least 15 of them -- DIR CD COPY MOVE DEL MD RD TYPE FIND SORT MORE TREE ATTRIB VOL plus the .TCB batch runtime -- presuppose a filesystem, and NO filesystem crate exists anywhere in docs/mvp-delivery-strategy.md 18-crate map. Storage appears only as a Phase 3 block-device class driver inside `drivers`, which is not a filesystem. Three source comments already record the absence in passing (exec/src/iat.rs twice, kernel/src/spoor_journal.rs, os/src/main.rs: "no filesystem yet"). The ordering also inverts: `shell` is Phase 2 and the storage driver is Phase 3, so the phase that needs files is scheduled before the phase that can read a disk -- CLOSED 2026-07-30: the owner accepted EPIC-P2's proposed answer by ordering the gaps filled; FEAT-P2-02 (volume abstraction with G-SEC-5 labels, RAM-backed first, Phase 3 block device as a later backing behind the same seam) is now a written Feature with a Functionally-exercised Story, and the shell crate exists in the os/ workspace with the phase inversion resolved by the RAM stand-in	hand-2026-07-28/41A, from the question of where the project stands on MS-DOS 4.x parity	Decide and WRITE DOWN where a filesystem lives: either its own crate with a phase in the delivery strategy and the shell phase reordered behind it, or explicitly out of MVP scope with TINYCMD file verbs narrowed to a RAM or embedded-image backing and the 22-verb table annotated verb by verb. Either answer is acceptable; the defect is that neither is recorded, so EPIC-P2 cannot be decomposed without discovering this mid-Story. Same class as the AArch64 binary crate dependency Handover 31 found unwritten, and cheaper now because no EPIC-P2.md exists yet -- the moment to fix a missing dependency is before the Epic that trips on it is written  UPDATE 2026-07-28 (hand-2026-07-28/44A): EPIC-P2 is now written and PROPOSES an answer without taking it -- a volume abstraction with a RAM-backed FAT-shaped volume carrying G-SEC-5 labels from its first commit, ordered as FEAT-P2-02, so all 15 file verbs unblock with no block device and the Phase 3 storage driver becomes a second backing behind a seam that already has tests. G-SEC-5 is what forces the labels early: it requires origin signer trust entitlement quarantine and derivation labels to survive rename copy extraction conversion compilation IPC and storage, FAT has nowhere to put them, and retrofitting propagation into an already-written copy is how a gap becomes a bypass. The owner still has to accept or reject; what is no longer true is that no EPIC-P2 exists to hang the decision on	unowned	closed	hand-2026-07-28/44A	hand-2026-07-29/16G
LE-49	Priority inheritance is released per TASK not per LOCK. STORY-P1-04-04 replaced the stored pre-boost priority with a dynamic effective priority (max of base and inherited), which fixes LE-22 completely for one lock, but Scheduler::release_inheritance clears the task inherited priority outright -- so a task holding TWO contended locks loses the second lock boost when it releases the first, and its waiter can be starved from that moment. NOT A REGRESSION: the previous code wrote back a stale ABSOLUTE value in the same scenario, which could also raise a task above any priority it was entitled to, so the new hole is strictly smaller and fails toward the base rather than toward a fabricated high. Found while fixing LE-22 rather than reported	STORY-P1-04-04	A Story giving each task a set of inheritance records keyed by the lock granting them, so release drops only that lock contribution and the effective priority falls to the next highest. That needs BLOCKING waiters -- lock::try_lock reports contention rather than parking, so there is no waiter set to consult -- which makes this a scheduler Story rather than a lock patch	unowned	open	hand-2026-07-28/43A	-
LE-50	STORY-P1-04-04 fixed the degrade/inheritance composition and demonstrated it at the HOST level only, driven through wcet::account_tick which is the real enforcement path the timer ISR calls. There is no Tier 0 fixture running the composed scenario under genuine timer-driven preemption. kernel::fixture_priority_inversion proves the INHERITANCE half that way (TEST-P1-04-01-A clause 6) and the composed case needs its own fixture, feature flag, xtask fixture-table entry and CI step; extending the existing one would alter evidence a Verified Story rests on. This is exactly the shape STORY-P0-02-03 carried for the un-composed case until STORY-P1-04-01 closed it, recorded rather than quietly absorbed	STORY-P1-04-04 clause 5	A fixture Story on the STORY-P1-04-01 template: low holds a contended lock and overruns, medium is Ready throughout and must make no progress before low releases, then low runs at its floor. Nothing blocks it  CLOSED in hand-2026-07-28/45A by STORY-P1-04-05, on exactly the template this row named. kernel::fixture_degrade_inheritance is a NEW fixture with its own feature flag, xtask table row and CI step -- fixture_priority_inversion was left untouched, because its run is the evidence STORY-P1-04-01 is Verified on. Under real local-APIC ticks: low (5, budget 4, Degrade floor 2) takes the lock and never yields, high (25) preempts it and contends so low inherits 25, medium (15) is Ready throughout. On the tick wcet::account_tick applies the enforcement the ISR reads BOTH priorities: base=2 and effective=25, so the degrade landed and the blocked waiter kept its boost. Low then releases at effective=2 -- its floor, not the pre-boost 5 -- and is never selected again while medium runs, which is what being at 2 rather than 5 means in this kernel. Medium's counter is identical at all three window samples and it is Ready at each. SHOWN TO DETECT: with the composition reverted in sched the fixture fails 3 of 3 runs naming the clause, reporting effective_at_degrade=2 where the fixed kernel reports 25. The reverted kernel DEADLOCKS rather than merely mis-reporting -- medium at 15 starves the holder so high never runs, the G-RT-1 failure itself -- which first presented as a harness timeout with an EMPTY capture, the LE-46 shape. The fixture now counts ticks given to medium while the holder still has the lock (exactly 0 in a passing run) and ends the run at 20, so the defect is reported rather than timed out. A stability loop of 12 runs found a FIXTURE defect the kernel did not have: evidence written after the critical section could be lost when the unlock made the holder instantly preemptible, failing 3 of 12; all such evidence is now captured inside the section that makes it true, and 20 of 20 pass. LE-49 is untouched and this fixture cannot see it, holding only one lock	unowned	closed	hand-2026-07-28/43A	hand-2026-07-28/45A
LE-51	The spine never validates that a loose-end raised_in or closed_in resolves to exactly one existing session document. It checks only the open/closed consistency against the `-` placeholder. On 2026-07-28 this let LE-47 and LE-48 both cite hand-2026-07-28/41A while meaning two DIFFERENT documents -- 41A-the-dashboard-as-a-work-order.md and an untracked 41A-dos-parity-standing.md -- so a reader following either citation could land on the wrong record, and LE-48 cited a file that did not exist in git at all. This is the first real failure mode of the NN<Letter> filename convention: the register cites a SLOT, so two documents sharing a slot make every citation to it ambiguous. Same class as LE-44 (a cross-reference with no machine behind it) one register along	hand-2026-07-28/44A, found by rechecking after a concurrent session committed	Extend check-assurance-spine to resolve every raised_in and closed_in against session/: the referenced dated folder must exist and exactly ONE file in it must match the NN<Letter> slot prefix. Zero matches is a dangling citation, two or more is the ambiguity above. Cheap -- one directory listing per distinct slot, and the register is already fully parsed. It would also have caught the dangling citation immediately rather than after a rename	unowned	closed	hand-2026-07-28/44A	hand-2026-08-04/04A
LE-52	The no-explicit-panic gate STORY-P0-07-03 added covers exactly one module. It reads shared_memory.rs own source and rejects .unwrap() .expect( panic! unreachable! todo! unimplemented! above the #[cfg(test)] marker, and it demonstrably fires -- it failed on the pre-fix source naming the line. Every OTHER non-test path in kernel/ and exec/ is ungated, and no lint in this workspace enforces it: clippy::unwrap_used and clippy::expect_used are not enabled anywhere. Same shape as LE-33/LE-35/LE-36/LE-44 -- a binding rule (fail-safe over keep-trying, CODING_STANDARDS priority ordering) with a machine behind it in one place and prose everywhere else. Note also that the gate catches only EXPLICIT constructs: slice indexing, division and unchecked arithmetic still panic implicitly, and it was an unchecked + that produced STORY-P0-07-03 reachable defect, not an .expect	STORY-P0-07-03	Decide the scope first, because the two halves differ sharply in cost. (a) Explicit constructs: enable clippy::unwrap_used/expect_used/panic as workspace lints with per-site #[allow] carrying a justification, which turns the one-module test into a workspace gate and makes each surviving panic a documented decision. Expect a large first sweep. (b) Implicit arithmetic: overflow-checks=true in the release profile converts the silent wrap into a panic, which is the RIGHT trade for a kernel only where a panic is genuinely safer than a wrap -- that is a per-subsystem judgement, not a global switch, and it is the harder half. Do (a) first; it is mechanical and it bounds (b)	unowned	open	hand-2026-07-29/01	-
LE-53	EPIC-P2 section 6 excludes an entire implementation family for the tab host without saying so, and leaves the seam that would keep it possible unstated. Two halves. (a) 6.3 requires a reserved window region no tab content can EVER paint, structurally unreachable by tab content, plus a secure-attention key handled before any tab sees input; 6.1 makes each tab an authority boundary; 6.6 puts the tab host below the real-time floor. Inside a single webview the reserved region and the tab content are the same DOM in the same renderer, so 6.3 is not merely hard to meet there, it is inexpressible -- which rules out Tauri, Wails and every Electron-shaped front end. Nothing states that. 6.4 does the same reasoning against ONE artefact (Windows Terminal: take the interaction model, not the authority model) and never generalises, so a reader can reach the opposite conclusion from the same section. The conflation is likely rather than merely possible because Tauri IS a first-class UX lane by SeedMVP G-APP-2 / APP-05 / EPIC-H2 -- true, and one short inference from build the shell in it. Two structural exclusions are also unrecorded: Tauri ships no renderer (it binds the platform webview) so a webview shell needs a browser engine first, inverting the critical path since EPIC-P2 gates EPIC-H1/H3/H5; and REPORT-2026-07-26-28 already rules webview runtimes optional profiles never added to the 8 MiB core image, while the shell is core. (b) 6.4 calls Windows Terminal text-buffer/renderer separation worth copying as a shape. It is more: 6.6 obligation to DROP FRAMES rather than block depends on that seam existing, because a renderer that cannot be starved independently of the buffer can only block. No requirement anywhere states it	EPIC-P2	One edit to EPIC-P2 section 6, both halves together. (a) State which implementation families 6.3 excludes and why, generalising 6.4 existing Windows Terminal argument rather than inventing one -- and say explicitly that this does NOT touch G-APP-2: Tauri stays a first-class APPLICATION lane, it is disqualified only as the tab host. Cite the two structural reasons (no bundled renderer, image budget) alongside the security one so the decision survives a reader who disagrees with the security half. (b) Promote the buffer/renderer seam from worth copying to a requirement of 6.6, since 6.6 already depends on it. Costs nothing before the shell crate exists, expensive to retrofit after, and it is also what keeps a webview front end possible LATER without taking the dependency NOW. An ADR is the better long-term home for (a) -- 0003/0004 are 51 and 54 lines, so it is not a large document -- but the section edit is what a person editing EPIC-P2 will actually read. NOTE the ordering: this is not the next work. EPIC-P2 section 1 says 15 of 22 verbs are blocked on a filesystem that does not exist (LE-48); the shell blocker is storage, not the front-end framework	unowned	open	hand-2026-07-29/03A	-
LE-54	external/tauri submodule URL is the local sibling path C:/Code/tinyos-tauri-fork, because the PoC fork repository exists on one disk only and has no remote. git submodule update --init therefore fails for every clone that is not this machine, including CI if it ever materialises submodules. The pin itself is correct (ff44d0c on tinyos-poc, baseline tag tauri-runtime-wry-v2.11.4); only the URL is unresolvable elsewhere. ADR 0008 and external/README.md both state the condition, but a stated defect is still a defect -- RESOLVED the other way from the stated repair (owner decision, ADR 0009): the fork is vendored in-tree at external/tauri as plain files, the submodule entry is deleted, and the pre-vendoring history is pushed to github.com/revred/tauri branch tinyos-poc	ADR 0008	Owner pushes the fork to a remote they control -- a GitHub fork of tauri-apps/tauri with branch tinyos-poc is the natural choice, since it also makes the ADR 0007 constraint 6 upstream PR submission trivial -- then a one-line .gitmodules URL edit plus git submodule sync external/tauri. Nothing else moves: the recorded commit stays ff44d0c	unowned	closed	hand-2026-07-29/12F	hand-2026-07-29/15G
LE-55	13F section 2.3 orders live execution-level verification of the storage-free verbs (echo, env-get/env-set, task-list, clear-screen, prompt behaviour) through the Stage E console, but no interactive path exists end to end: no shell crate exists anywhere in the os/ workspace (LE-48 records the filesystem half of that absence), no fixture reads serial input, and hal-x86_64/src/serial.rs implements transmit only -- there is no UART RX path in the tree at all. The console's send_line verb resolves through the signed manifest and then fails with an honest one-way-transport error. Every goals/context/terminal-gap.tsv row is therefore spec-level, not live-verified. Also recorded here: 13F names boot-banner as the natural smoke fixture, but no such fixture exists in the qemu-x86_64 catalogue and the default boot emits nothing on serial; the console's smoke fixture is measure	hand-2026-07-29/13F, executed by this session	Add a UART RX path to the hal-x86_64 serial driver (test-first, with adversarial input handling) and an interactive echo-class fixture in the qemu-x86_64 catalogue -- 08C section 4 forbade Stage E from adding fixtures, so this lands with EPIC-P2's shell decomposition, not the PoC -- then re-run the terminal-gap storage-free rows live through the Stage E console and flip their status to live-verified	unowned	open	hand-2026-07-29/14G	-
LE-56	No console/tab run has ever captured a kernel spoor, and nothing in the evidence chain says so until now. Spoor (kernel::spoor, STORY-P0-06-01) is the 64-bit audit atom journaled by kernel::spoor_journal and exercised today only by exec-lane fixtures (first-task journals admission refusals and fault audits and reports spoor_journal_len over serial). The 17G multitab console evidence (REPORT-2026-07-30-01, smoke.json, screenshots) captures the console authority denial log, TINYCMD audited denials with session identity, serial transcripts and the two-signal parity verdicts -- all real audit evidence, none of it spoors: the shell-batch fixture never touches the spoor journal, and host-run tab sessions have no kernel journal at all. The 14G measure-fixture smoke was likewise spoorless. Risk: a reader of the console reports could conclude the audit trail shown is the kernel audit trail	REPORT-2026-07-30-01 evidence review, owner question	BOARD-HALF EVIDENCED 2026-08-04 (BOARD VERDICT 10): the first kernel spoors ever observed leaving a running TinyOS system were captured off the wire by Ti64Dink and decoded - frame seq=0 carrying MmuEnabled/GicRouted/TickArmed, 160 records, 0 refused, 0 lost. FEAT-P1-10 and STORY-P1-10-02 own that half and it is done. THE SHELL-LANE HALF REMAINS AND IS WHY THIS ROW STAYS OPEN: teach the shell-batch fixture to journal each verb denial as a Spoor (Category/Action rows for the shell taxonomy added to the kernel vocabularies test-first) and assert spoor_journal_len alongside its existing denial counter, streaming the count over serial so check-shell-parity gains it as evidence; then surface a journal-dump verb (register-decided shape) so a tab can render spoors and the parity wall gains a spoor row. Host-side tabs stay honestly spoorless until the on-target tab host exists. The original risk - that a reader of the console reports could conclude the audit trail shown is the kernel audit trail - is unchanged for the console lane	unowned	closed	hand-2026-07-30/03A-android-plan-and-the-spoor-gap	hand-2026-07-30/05A
LE-57	No HELP/discovery verb exists: a session cannot enumerate what it is allowed to do. Owner decision (UI review 2026-07-30, work/InterfaceV0.png): HELP behaves like MCP-style capability discovery -- it renders the intersection of the verb vocabulary and THIS session's VerbPolicy grants, with each verb's one-line decided description from the terminal-gap register, never a hand-maintained list that can drift; withheld/ungranted verbs do not appear (discovery is authority-scoped, like MCP tools/list); HELP <verb> answers the register detail. DOS 4.0 has no HELP (a DOS 5-ism), so it lands as a recorded deliberate extension exactly like MOVE	owner UI review of the 17G console, 2026-07-30	terminal-gap row verb:help (decided output shape), VerbKind::Help behind the deny-by-default seam, renderer over VerbKind::ALL x policy.allows, parity .TCB + golden regen, tab surfacing	unowned	open	hand-2026-07-30/05A session, owner feedback	-
LE-58	No editor exists in any lane, and no interactive process model to host one: serial is TX-only on target (LE-55) and host tabs speak line-at-a-time to a library, not to a running process. Staged owner-reviewed route: (1) EDLIN-class line editor verb NOW -- 4.0-parity-correct (full-screen EDIT is a DOS 5-ism), line-in/lines-out fits the existing transport, edits RamVolume files through the same policy seam, byte-testable in the parity golden; (2) full-screen EDIT in the tab host -- needs the buffer-renderer seam, VT cursor addressing and focused-tab-only input routing EPIC-P2 section 6 already specifies; (3) editor as a real on-target process -- gated behind ring-3 entry, the syscall ABI and the code-admission pipeline (DR-01 lane) plus UART RX (LE-55); do not start at stage 3	owner question during UI trial, 2026-07-30	Stage 1: terminal-gap row verb:line-edit (EDLIN bindings and refusal shapes), VerbKind entry, RamVolume rewrite path, parity coverage; stages 2-3 gated as stated	unowned	open	hand-2026-07-30/05A session, owner feedback	-
LE-59	Console prompt IO is monochrome and plain: no colouring of errors/success, no rich text, emoticons or unicode/any-language font rendering in tab transcripts (owner annotations, work/InterfaceV0.png). Constraint that must survive any implementation: EPIC-P2 section 6.5 rule 3 -- untrusted text renders inert; colouring/richness is host-chrome presentation applied by the renderer over classified output (refusal vs result vs echo), never payload-controlled escape sequences, or the highlighting becomes a spoofing channel	owner UI review of the 17G console, 2026-07-30	Classify verb output at the seam (result/refusal/echo already distinguishable), render classes with colour in the tab host, unicode font fallback in the webview; register the presentation rules before implementing	unowned	closed	hand-2026-07-30/05A session, owner feedback	hand-2026-07-30/07A
LE-60	No monitors/tooling surface in the console: owner mockup (work/InterfaceV0.png) names a sidebar of developer tools, regression tests, CPU usage, memory usage, page-faults, speed measures, vulnerabilities, task and process monitors, IPC monitors, network tools and monitors, workload monitors, risk/attack monitors, and testing modes/flags. Architecture constraint: each monitor is a read-verb-backed pane fed through the ACI policy seam (like the parity tab wraps the CI command surfaces) -- a monitor that bypasses the seam would be a privileged side channel; several (CPU, page-faults, IPC, network) also need kernel counters that do not exist yet and must land as their own Stories	owner UI review of the 17G console, 2026-07-30	Decompose into EPIC-H4 host-chrome panes over existing surfaces first (regression tests, speed measures via xtask; task monitor via task-list), then kernel-counter Stories for the rest; register each pane's verb before building it	unowned	open	hand-2026-07-30/05A session, owner feedback	-
LE-61	The chrome does not state what mode the system is in or how far each flavour has come: owner mockup (work/InterfaceV0.png) asks for an EMULATION MODE (WIN32, ...) banner and a flavour progress bar (MS-DOS, Mac-OS, Linux, RT-OS, GUI). Both are honesty features: the banner names the execution reality (host-side emulation vs on-target) in the host-owned reserved region no tab can paint; the flavour bar renders progress derived from spine/register state (e.g. terminal-gap row statuses, Story states per flavour lane), never hand-asserted percentages	owner UI review of the 17G console, 2026-07-30	Reserved-region banner from the tab registry's execution mode; flavour-progress derivation from machine-checked spine data (list-status / terminal-gap statuses); register the derivation rule first so the bar cannot drift into marketing	unowned	open	hand-2026-07-30/05A session, owner feedback	-
LE-62	Everything between the motion-group contracts and moving metal is undelivered: periodic phase-aligned release (MFS-02 on FEAT-P1-04 machinery), the full 16/32 deterministic plant simulator, coherent collector, coupled executor, atomic stage/commit on a timeline, the fixed C2-to-C3 process image, EtherCAT MainDevice core, NIC/DMA driver (compounded by LE-26 on Pi 5), CiA-402 drive adapter, and the synchronized HIL/hardware proof. The delivery contract caps STORY-P1-08-01 at Code-live; no motion timing, transport or hardware claim may be made until the owning Story produces its evidence	STORY-P1-08-01	MFS-02..MFS-11 promoted just-in-time as Stories under FEAT-P1-08 or a successor Feature, each with contract row and Test first	unowned	open	hand-2026-07-30/10A	-
LE-63	The LAT-PHYS-10 architecture gate (ADR 0011, Derisk10usLatencyRequirement.md section 5) cannot close from software: three of section 13's immediate artifacts require hardware in hand -- (1) the bill of materials and topology for the latency-critical path, (2) vendor evidence for encoder latching, probe acquisition, drive command acceptance and interpolation semantics, (3) the initial hardware lower-bound capture on the selected link/topology -- and WP2..WP5 (bounded Hexapod solver + WCET harness, deterministic timeline, physical loop, ADR 0005 qualification) queue behind them. Kill rules bind: no endpoint contract no latency claim; reject the architecture not the measurement; no worst-case claim on an unqualified board; one unclassified deadline miss fails strict acceptance	ADR 0011 / Derisk10usLatencyRequirement.md	Architecture-gate ADR naming board/NIC-ESC/drives/topology plus vendor latch evidence plus a first lower-bound capture filed on the _lat-phys-10 template; then WP2..WP5 promoted as Stories	unowned	open	hand-2026-07-30/11A	-
LE-64	CI on main was red from 2026-07-30 to 2026-08-01 with no register row: the shell crate includes spoor_policy.rs via #[path = "../spoor_policy.rs"] inside inline modules (aci, spoor_policy_host), so the resolved path traverses a phantom directory (src/aci/, src/spoor_policy_host/) that exists on no disk. Windows opens it anyway (lexical .. normalisation); Linux resolves component-by-component and fails with ENOENT, so rustfmt and every shell build broke on the CI runner while every local Windows gate stayed green. Fixed by #[path = "."] on the inline modules so the nested include resolves through src/ itself; validated by cargo test -p shell, cargo fmt --check and check-shell-parity locally, and by the CI run on the fixing commit. The two-day gap between red CI and anyone reading it is the finding worth keeping: a push whose CI is not watched is a gate that does not exist.	CI runs 30540669984/30531476802 (red, unread) vs 30716559202 (red, read)	Fix the include so both OS path resolvers agree; watch the CI run of every push to completion	unowned	closed	hand-2026-08-01/02B	hand-2026-08-01/02B
LE-65	No gate cross-checks a Story's Status: header against its own filed Reports. STORY-P0-01-08's header read Specified for four days while REPORT-2026-07-28-11 recorded Pass on all five clauses, with every gate green: the badge gate compares the dashboard badge to the header and the LE-44 gate compares the Feature table to the header, so header, table cell and badge can all be wrong together and nothing compares any of them to the Report -- a third instance of the prose-versus-register class, found on the most-machine-checked page in the project. A Story whose linked Report records a passing result can read Specified or In progress indefinitely	STORY-P0-01-08 header vs REPORT-2026-07-28-11 (found by hand-2026-08-01/02C)	Extend the spine's status machinery (STORY-P0-01-07's vocabulary) to refuse a Specified header on a Story whose linked Report records a passing result; the In progress half of the original proposal was found illegitimate and dropped -- REPORT-2026-07-30-01 records PASS beside deliberately In progress FEAT-P2 Stories with stated performance debt, so refusing that pairing would refuse honesty. Closed by STORY-P0-01-10 (REPORT-2026-08-01-02)	unowned	closed	hand-2026-08-01/03A	hand-2026-08-01/03A
LE-66	The first physical serial adapter exposed a class of defect the suite structurally could not catch: an I/O seam declared "as thin as it reads" (pi5 ChannelChunks reader thread) carried platform semantics -- Windows COM reads return Ok(0) on interval timeout meaning "no data yet" while the reader treated it as EOF, so a silent unpowered board ended captures as "disconnected after 0 bytes" before any power-cycle window. Fixed test-first (ScriptedRead seam tests encoding the platform semantics; timeout-class errors keep the reader alive, fatal errors end it). Owner finding, verbatim in effect: TDD must be more robust and smart -- a seam with zero tests is not thin, it is untested. Remaining debt: audit every other declared-thin I/O seam (smoke capture PrintWindow path, shell-parity QEMU pipe, measure serial ingestion, future deploy/Ethernet link) for platform-semantics cases the same way	STORY-P1-07-05 --port first physical exercise, 2026-08-03	Seam-by-seam audit: enumerate declared-thin I/O boundaries, give each a scripted platform-semantics test (zero-read, timeout-class errors, partial reads, disconnect-vs-quiet), close per seam	unowned	open	hand-2026-08-03/02A session	-
LE-67	FEAT-P1-09 transmits its board-present beacon through GEM DMA with no IOMMU on the Pi 5 path: the device is handed one pinned buffer address inside the image and BND-07 evidence is correspondingly narrow -- a compromised or confused device could read RAM the grant never named, so the containment story is the single static buffer plus receive disabled, not device isolation	FEAT-P1-09 promotion, 2026-08-03	EPIC-P3 NIC/DMA C2 device service with SEC-18 evidence; until then the beacon path keeps exactly one pinned buffer, receive stays disabled, and every Report on this Feature names the absence	unowned	open	hand-2026-08-03/05A	-
LE-68	First physical exercise of FEAT-P1-09 (2026-08-03 evening): the laptop NIC saw a dead-flat PHY across three power cycles -- not one link-training transient -- while the power LED sat steady green. Best explanation: the BCM54213PE PHY is unpowered or held in reset until software releases it (Linux does this in the PHY driver via firmware-described GPIO), so STORY-P1-09-02 criterion 4 cannot pass and the beacon cannot run until a PHY power/reset release step exists. Serial was still unverified (fourth 0-byte capture, adapter loopback not yet executed), so this is host-side evidence, not a board-side capture	host-side link watch during board attempt, 2026-08-03	Transcribe the RP1 GPIO/pinmux path that gates PHY power and reset from rpi-6.12.y (rp1.dtsi phy reset-gpios and the eth LED/aux pin functions), drive the release before the MDIO scan as its own recorded step in FEAT-P1-09, and re-run the cable-in watch; the serial loopback stays the prior gate	unowned	open	hand-2026-08-03/05A	-
LE-69	GICC_PMR's implemented priority width was compiled in, not discovered, and the first silicon disproved it: gic.rs declares PRIORITY_MASK_ALL = 0xF8 with the comment "GIC-400 implements 32 priority levels, so the low three bits read as zero", writes it, and refuses routing unless readback & 0xF8 == 0xF8. BOARD VERDICT 5 read back 0xF0, so the virtual-timer PPI was refused as MaskNotHeld(0xF0) and STORY-P1-07-04 criterion 1 (tick count, rmin/rmax) has no evidence. 0xF0 is conformant: GICv2 leaves unimplemented low-order priority bits RAZ/WI with the implemented bits contiguous from bit 7 down, so 0xF0 means BCM2712 implements four priority bits (16 levels), the architectural minimum, not five. The code refused a conforming device. Same class as the three ethernet cures (outbound window, endpoint BARs, inbound windows): device state that must be read, not assumed. Fixing it as 0xF8 -> 0xF0 is barred - that substitutes one board's measured value for another guess and violates the no-bench-tuned-constants rule	BOARD VERDICT 5 (TinyOS measure boot 2026-08-04), TOS64-TICK/1 REFUSED=GICC-PMR READBACK=000000F0	Discover the width instead of asserting it: write all ones to GICC_PMR and take the readback as the widest legal open mask for that implementation; gate on conformance of shape (implemented bits a contiguous run ending at bit 7, at least four of them per GICv2) rather than equality against a constant; carry the discovered mask into the tick evidence line so the width is recorded per board rather than assumed per family; re-run the measure boot and read a live TOS64-TICK/1 with its ratio bounds	unowned	closed	hand-2026-08-04/03A session	hand-2026-08-04/04A
LE-70	The dashboard generation gate verifies block CONTENT but not block PLACEMENT, so a generated block relocated into the wrong section leaves every gate green while the page renders blank. Commit 3849ece (2026-08-03) moved the `overall-progress` block out of the "Overall progress" section and into "Assurance release status", stacking it above the `stat-row` block and leaving `<div class="stat-row"></div>` empty under the heading it belongs to. The four headline tiles (Epics decomposed, Features in the spine, Stories functionally verified, Test docs in the spine) were therefore invisible for four days across sixteen commits, and check-assurance-spine, `xtask emit-dashboard` byte-comparison, the badge gate and the LE-44 join all passed on every one of them - verified directly by running the spine before and after the corrective move, green both times. STORY-P0-01-09 and the page's own prose claim these tiles are "generated and gated"; the guarantee is weaker than stated - the numbers cannot drift, but the block can vanish from view. Found by the owner reading the rendered page, not by any gate: the same prose-versus-register class as LE-65 and LE-30, on the most-machine-checked page in the project for the third time	Owner observation on the rendered goals/index.html, 2026-08-04; bisected to 3849ece	Anchor each generated block to the section that must contain it - assert the enclosing heading/section id as well as the byte content - so a relocated or orphaned block fails the spine; and assert that no `stat-row` div is empty. Then re-check the other generated blocks (`stat-row`, the release-status block) for the same latent relocation	unowned	closed	hand-2026-08-04/03A session	hand-2026-08-04/04A
LE-71	Interrupt masking around the measurement region had no scope, and the defect was unreachable-by-construction rather than intermittent. fixture_measure_arm64 called hal_arm64::boot::mask_interrupts() with the recorded reasoning that "masking is one-way here ... the tick line having accumulated its pre-fixture intervals is itself evidence"; hal_arm64::boot::unmask_interrupts() existed with NO callers anywhere in the tree. The premise is false on silicon: the only window the tick can fire in is between the daifclr after GIC bring-up and the fixture's mask, containing just the 64-sample conformance run and the PMU probe, and BOARD VERDICT 6 measured what it admits - TOS64-TICK/1 COUNT=1. One tick is one timestamp is ZERO intervals, and ratio_bounds_per_mille returns None below two intervals by design, so STORY-P1-07-04 criterion 1 (a tick verified by ratio) could never be satisfied on any board however many times it was booted. Every layer was individually correct; the ordering was the defect and no host test owned it. Found only because criterion 1 was chased onto hardware after LE-69 cleared the GIC refusal that had been masking it	BOARD VERDICT 6 (measure boot 2026-08-04, kernel a0d1773c8f10): TOS64-TICK/1 COUNT=1 TVAL=540000 RMIN=NONE RMAX=NONE	Fixed by STORY-P1-07-10: hal::interrupts supplies InterruptState/InterruptGate/with_interrupts_masked (mask, run, restore-what-was-there, closing even on the body's early return), hal_arm64::boot::PstateInterrupts supplies the two register pokes and no policy, and the fixture wraps its run. State is saved and restored rather than unconditionally unmasked, so a boot whose tick was refused is left masked. Remaining: the board criterion - one measure boot showing COUNT past 2 with RMIN/RMAX populated - and a wider audit for other one-way mask/enable pairs whose counterpart function has no callers	unowned	closed	hand-2026-08-04/03A session	hand-2026-08-04/04A
LE-72	CI went red on two consecutive pushes because nothing in the local gate set compiles the `kernel` crate for AArch64. cargo test, cargo fmt --check, host clippy and even the aarch64 clippy step all pass on a tree whose AArch64 boot image does not link: the aarch64 clippy command in CI and in local practice targets -p hal-arm64 only, and the sole thing that builds kernel for the target is `xtask pi5`, which is an image-production command nobody thinks of as a check. kernel::spoor_wire was added with an ungated `use crate::spoor_journal` while spoor_journal was x86_64-gated, and both pushes went out green-by-local-gates and red on the runner. HISTORY NOTE: on the owner's instruction the two broken commits were rebased away on 2026-08-04 so that every commit on main builds and git bisect cannot land on a false failure; the durable evidence is CI runs 30899460130 and 30900518388, which outlive the SHAs they ran against. This is LE-64's class recurring after LE-64 was closed, and the recurrence is the finding: the lesson recorded there ("a push whose CI is not watched is a gate that does not exist") was followed - CI was watched, which is how this was caught in minutes - but the gap that made watching necessary was never closed	CI runs 30899460130 and 30900518388, both red on the AArch64 image link step; found 2026-08-04 while building the mmu-fault image. The commits they ran against were rebased away the same day, so the run ids rather than the SHAs are the citable evidence	Make the AArch64 build a first-class local check, and note that "the AArch64 build" is PLURAL - this row was raised after two red pushes and then a third arrived anyway, because the gate adopted after the first two (`xtask pi5 --fixture=measure`) does not build what CI builds. CI runs a FEATURELESS `cargo build -p pi5-image --target targets/aarch64-tinyos.json`, and `xtask pi5` cannot produce that (it requires --fixture). The featureless image is the one that caught kernel::spoor_stream's extern "C" symbols being dropped: nothing references `kernel` without fixture-measure, so Cargo omits the rlib from the link entirely and the #[no_mangle] definitions vanish with it. Remediation: add an xtask subcommand that builds pi5-image featureless AND each fixture variant for the target spec, extend the aarch64 clippy invocation past -p hal-arm64, and wire both into a command an agent runs habitually. The check-assurance-spine banner is what agents run by reflex; a cross-target build gate not reachable from a habitual command is a gate that will keep being skipped. CLOSED 2026-08-04 by `xtask check-boot-images`: it builds pi5-image featureless AND every registered fixture variant from one pure build_plan() held against PI5_FIXTURES by host test (a fixture registered and not built fails in milliseconds, not on a runner in minutes), then runs clippy -D warnings for the board target over hal-arm64, kernel --lib and pi5-image -- kernel scoped to its library because its bin is the x86_64 Tier 0 guest, pinned by a test as the only legitimate narrowing. CI now invokes the same subcommand instead of its own two steps, so the local gate and the runner cannot drift apart again, which was the actual defect. Made habitual three ways: the check-assurance-spine banner ends by naming it, and agent.md and CLAUDE.md both carry it	unowned	closed	hand-2026-08-04/04A	hand-2026-08-04/05A session
LE-73	kernel::udp_wire is documented as `STORY-P1-10-03` and no such Story exists: there is no goals/stories/STORY-P1-10-03.md, no row in story-contracts.tsv, and no Test document, so a fully implemented and tested module (8 tests, the UDP wrapper that makes the spoor stream readable on a machine with no capture driver) is joined to the assurance spine by a citation that resolves to nothing. The spine gates the documents that exist against each other; a source file citing an id that was never filed is invisible to all of them. Same prose-versus-register class as LE-65 and LE-70, one layer further out -- the register is the spine and the prose is a doc comment in the code	Read while implementing STORY-P1-10-04, 2026-08-04; os/src/kernel/src/udp_wire.rs line 2	Closed by two fixes and one gate. (1) STORY-P1-10-03 filed with TEST-P1-10-03-A and a contract row, written to the code that exists rather than to the code the citation implied: the module is host-Green with 8 tests and encode has NO CALLERS, so criterion 7 (a board emits one) is unmet and named, and the 181-record ceiling spoor_wire already pays for this unused framing is recorded as a real cost. (2) kernel::spoor_wire cited STORY-P1-09-16, equally unfiled, renumbered to its true owner STORY-P1-10-01 whose description IS that module design -- found by the gate, not by a reader, the same receipt check-lints earned under LE-77. (3) xtask check-citations extracts every STORY/FEAT/TEST id from Rust doc comments and refuses one resolving to no filed document, reporting all failures together. Scoped to doc comments so xtask own negative-test fixtures (STORY-P9-99-99) are not flagged; brace shorthand TEST-P1-09-0{1,2,3}-A is skipped and COUNTED rather than dropped. Its grammar is derived from the register (three exact family shapes, all 209 filed ids conforming, held by a test) after a permissive first version both admitted a truncated id and SILENTLY SKIPPED EVERY FEAT- CITATION -- LE-77 class, caught by a unit test, and fixing it took the tree from 633 to 683 resolved citations	owned	closed	hand-2026-08-04/05A session	hand-2026-08-05/05A session
LE-74	The boot epoch STORY-P1-10-04 puts in every spoor frame is a distinguisher, not an identifier. It is derived from CNTVCT_EL0 at kernel entry, so it differs between boots only because firmware timing differs between boots -- there is no persistent store and no RTC on the Pi 5 path to derive anything stronger from. Two boots whose firmware happened to take the same number of counter ticks to reach the kernel produce the same epoch and a host reads them as one boot. A host can therefore conclude "this is a different boot" with high probability and can never conclude "this is boot number N" or "I missed exactly two boots", and the field must never be documented as though it could MEASURED 2026-08-05 and it is thinner than this row assumed: three consecutive boots of fd966f7514e4 produced epochs 0x049F8B28, 0x04B328BC and 0x04B32825. The last two differ by 0x97 = 151 counter ticks, which at 54 MHz is 2.8 MICROSECONDS - two power cycles put the kernel entry point within three microseconds of the same counter reading, so only the low byte of the epoch moved. The first pair differ by ~1.28M ticks (~23 ms), so the variation is not uniform, but a pair landing 151 ticks apart makes collision a plausible event rather than a theoretical one and a collision reads as 'same boot' to every host. BOARD VERDICTS 11-13 still stand - those epochs did differ and were read as different - so this bounds the field's future use rather than retracting any result: sound as a bench-session change detector, never an identifier, and any host or document treating it as one is wrong by measurement now and not merely by caution THIRD MEASUREMENT 2026-08-05/06, and it removes the last intuition that made this row survivable: epoch 0x04B1CA6E (BOARD VERDICT 14) to 0x04B1DF41 on the SAME board is 0x14D3 = 5331 counter ticks = about 99 MICROSECONDS at 54 MHz - and those two boots were separated by HOURS, not by a back-to-back power cycle. The two earlier pairs were 151 ticks (2.8 us) and about 1.28M ticks (23 ms), both from rapid cycles, which left open the reading that a long gap makes a collision unlikely. It does not. The entropy is NOT a function of how long the board was off, because the counter this epoch is derived from is reset by the firmware on every boot rather than free-running across power - so the value is a measure of firmware-handoff-to-kernel-entry latency, which is precisely the quantity this system is engineered to make repeatable. The better the boot path gets, the WORSE the epoch gets as an identifier	STORY-P1-10-04 design, 2026-08-04	BCM2712 has a hardware RNG (rng200) that would make the epoch a genuine nonce, and firmware-persisted state would make it a genuine counter; both are their own device bring-up and neither is in FEAT-P1-10. Until one exists, every document and every host tool states the epoch as a change detector rather than as a boot number	unowned	open	hand-2026-08-04/05A session	-
LE-75	TinyOS drives the Pi 5 with no thermal awareness of any kind: it never reads the SoC temperature sensor, has no throttle path, and does not program RP1 PWM, so the fan connector is dead on every TinyOS boot. Observed by the owner during the STORY-P1-10-04 board session on 2026-08-05 - the fan spins immediately under Pi OS (Linux binds pwm-fan to a thermal zone and sets the duty cycle from the measured temperature) and never spins under TinyOS. This is not a defect in any Story; it is an absence nothing has ever owned. It touches rule 1 of agent.md - safety before security before correctness before performance - and the honest statement of the current position is that thermal management on this board is entirely the firmware's, TinyOS neither cooperates with it nor knows whether it is happening. Board sessions to date are 30-90 second captures and nothing about them is evidence for sustained operation; hand-2026-08-04/05A recorded the board left "powered, beaconing" between sessions, which is the shape of unattended continuous running that this row argues against until the gap is closed CALIBRATION ROUTE CLOSED 2026-08-05: the raw AVS datum cannot be read under Pi OS at all. /dev/mem mmap at 0x107d542000 returns EINVAL under STRICT_DEVMEM, and the only other route - the syscon debugfs regmap at /sys/kernel/debug/regmap/dummy-avs-monitor@0x000000107d542000/registers - RESET THE BOARD when read, because the region is 0xf0000 bytes and the kernel materialises ~983000 register reads before any truncation applies (SSH dropped mid-read; /proc/uptime read 110 s afterwards). Do not repeat it. So the two-point fit this row asked for is not obtainable from Linux on this card, and the honest position is PUBLISHED CONSTANTS CORROBORATED ON THIS BOARD rather than independently derived: BOARD VERDICT 14 shows the raw datum falling monotonically 758->746 as the die warms with validity bit 16 set throughout, deriving 40.9->46.7 C from cold against 38.05 C measured under Pi OS at idle. That is corroboration and is not a calibration; Ti64Dink keeps the unverified marker until a route to the raw value exists - a kernel module, a different kernel config, or reading it from TinyOS at a temperature Linux independently reports	Owner observation during the BOARD VERDICT 11-13 session, 2026-08-05	Two separable pieces, sensing before actuation. First, read the temperature: transcribe the BCM2712 thermal sensor from the Pi OS ground truth already captured in this file and put the reading on the spoor stream as its own rung, so the board can say how hot it is before anything tries to act on it. Second, drive the fan from that reading through RP1 PWM - derived from the measured temperature and never a hardcoded duty cycle, the discipline LE-69 was closed under. Until the first piece exists, the operational rule is that the board is powered for a run and powered down after it, and no document claims anything about sustained thermal behaviour	unowned	open	hand-2026-08-04/06A session	-
LE-76	The TOS64-MEAS/2 measurement envelope rides the wire as a CYCLING TEXT TRANSCRIPT with none of the guarantees the spoor channel next to it has, and the gap is structural rather than cosmetic. A spoor frame carries a 64-bit sequence, a boot epoch, a record count and a flags word, so loss is an exact count, boots are distinguishable, order is guaranteed and the boot prologue is retained for a late listener. A transcript line carries NOTHING - no sequence, no epoch, no framing - because it predates the spoor substrate and was built as FEAT-P1-09/STORY-P1-07-06 bring-up evidence. Three consequences, all observed on 2026-08-05: a capture starting mid-cycle sees a ROTATION of the envelope rather than the envelope, and xtask parse-meas rightly refuses it (no BEGIN before the first record); a lost line is INVISIBLE because there is no gap accounting on this channel; and a capture spanning a reboot would interleave two boots envelopes with nothing to tell them apart. Ti64Dink recovers order today by filtering to TOS64-MEAS/2 lines and rotating so BEGIN is first, which is exact - but it rests on an ASSUMPTION ABOUT THE EMITTER (that BEGIN is line 0 of the cycle) rather than on a property of the wire, which is precisely the class of assumption LE-69, LE-71 and LE-74 were each raised over SHARPENED BY MEASUREMENT 2026-08-05: the retention gap is not only about a mid-cycle start, it silently costs the ONLY verdict the channel carries. A wire harvest of this envelope now parses completely -- 11 metrics, BEGIN through END, every field, parser unchanged, STORY-P1-07-06 criterion 1 met -- and xtask parse-meas STILL exits 1, because the fixture emits its TOS64-RESULT/1 verdict ONCE at completion and a late listener attaching thousands of beats later can never see it. So the channel delivers every measurement and loses the pass/fail statement about them, and the exit code that reports this is indistinguishable from a failed parse. Two independent captures minutes apart rotated to BYTE-IDENTICAL envelopes, which is the good half: the rotation is exact. But exactness of the rotation is not retention, and the retained boot certificate STORY-P1-10-04 built for the spoor channel is precisely the mechanism this channel lacks	Owner observation during the BOARD VERDICT 14 capture, 2026-08-05: "capture starting mid cycle is a symbol of tooling gap or us not getting visibility of part of the run"	Carry the envelope as SPOORS rather than as text: one record per metric with the value in the cost field, at which point it inherits sequence, epoch, exact loss accounting and retention for free, and the boot certificate mechanism STORY-P1-10-04 already built could retain the envelope so a late listener receives it whole - the same problem, already solved once on the other channel. Until then the text transcript is bring-up evidence and no Report may treat a harvested envelope as complete without stating that completeness is unverifiable on this channel	unowned	open	hand-2026-08-05/03A session	-
LE-77	`cargo clippy --workspace --all-targets` reports success-or-failure for the workspace but does NOT lint the whole workspace when any crate fails to compile: cargo stops at the first failure and every package after it goes unlinted, silently. On this Windows bench `kernel`s [[bin]] names `hal_x86_64` items gated cfg(not(windows)) so it cannot compile at all, which means the workspace run has been dying at `kernel` and never reaching the crates after it -- for the entire life of the bench. Proved by an `unused import: crate::board` in hal-arm64/src/thermal.rs that passed every local gate and was caught only by CI on Linux (run 31012173030, the first red push since LE-72 closed). This is LE-64s Windows-host-blindness class in a new form: LE-64 and LE-72 are both about code the host cannot COMPILE, and this is about code the host silently never LINTS because something earlier failed. The lesson generalises past clippy -- any batch command that stops on first failure reports on a prefix of its subject while appearing to report on all of it	CI run 31012173030 red on push db94d98, 2026-08-05; local cargo clippy --workspace --all-targets green because it never reached hal-arm64	Closed by `cargo run -p xtask -- check-lints`: one clippy invocation PER PACKAGE so a failure reports itself instead of hiding the next crate, every package attempted even after one fails, and all failures reported together so a session sees them in one run rather than one push at a time. Scoped to --lib --tests (plus --all-targets for the bin-only xtask) because the cfg(not(windows)) fixture bins in exec/shell/kernel can never build here and a gate that always fails is a gate nobody runs -- LE-72s own lesson applied to itself; those bins stay covered by CIs Linux workspace run. On its first run it found a second real lint (a constant-value assertion in thermal.rs) that the workspace run had never reached	unowned	closed	hand-2026-08-05/04A session	hand-2026-08-05/04A session
LE-78	Every board image this project cites by hash is an identifier for an artifact NOBODY RETAINED and that CANNOT BE REBUILT. Seventeen documents across goals/ and session/ name images by hash (0c709197ed26, fd966f7514e4, 92fa283a6d20, f8133b0958d3) as though the hash resolved to something, and none of them does: os/target/pi5/kernel8.img is a SINGLE PATH that every variant build overwrites, so at most one image exists at a time and building any fixture destroys the last one. The only other copy has been the TFTP root, which hand-2026-08-05/05A itself calls transient. And the images are not byte-reproducible across tree states: rebuilding the measure fixture on 2026-08-05 after the thermal and board_dispatch work produced f370cbf6bc05, not the 92fa283a6d20 the same subcommand produced earlier the same day, because the tree moved. So an image hash in a Report is not a reference, it is a number, and a third party asked to reproduce a run cannot obtain the binary that produced it. This is the LE-74 defect one layer out: LE-74 bounds the boot EPOCH as a change detector rather than an identifier, and this row says the same of the IMAGE HASH, which every Report has been treating as the stronger of the two	FOUND BY DESTROYING ONE, 2026-08-05, and recorded that way deliberately. An agent session read two differing kernel8.img in C:/tmp/tftproot, judged the root-level one stale leftover, and overwrote it to remove an unverifiable variable from the mandate one-shot power cycle. It was not stale: hand-2026-08-05/04A section 6 records 92fa283a6d20 as the measure fixture image and the last image, and it is the image the board is currently executing. The overwrite was reasoned but rested on an assumption about a file rather than a check of the record, and the file it destroyed was the only copy. Impact is bounded and stated rather than minimised: the directory is documented transient, the root path is not the boot path (the firmware requests the 7bf18f79/ prefix), that image results are already recorded in BOARD VERDICT 14 and REPORT-2026-08-04-01, and the mandate own image f8133b0958d3 was intact throughout and now sits on all three paths. What was lost is a binary, not evidence. What it exposed is that losing it was always possible and nothing anywhere would have noticed	An image store keyed by content hash that a build writes to and never overwrites, so os/target/pi5/kernel8.img becomes the LATEST rather than the ONLY, and a hash cited in a Report resolves to a file. Cheap: images are ~290 KB and a bench session produces a handful. Until it exists, every document citing an image hash states that the binary is not retained, exactly as LE-74 forced every document citing the epoch to state what it is not. Second and separable: whether a variant build should be byte-reproducible from a recorded tree state at all, which is a real question about the toolchain and not merely about storage, and which SEC-01 already bounds since an image that cannot be reproduced cannot be independently integrity-checked either	unowned	open	hand-2026-08-05/05A session	-
LE-79	Ti64Dink printed a command that the tool it names REFUSES, and its envelope harvest dropped the one line the parser requires -- two small defects that together made a working capture look like a broken one, and that plausibly cost STORY-P1-07-06 criterion 1 a day. (1) On writing --text it printed cargo run -p xtask -- parse-meas --file=<path>, but xtask parse-meas takes a POSITIONAL path and reads the whole --file=... string as a filename, so following the instruction produced cannot read --file=C:/tmp/env.txt: the filename, directory name, or volume label syntax is incorrect (os error 123) -- an error that reads like a bad path, not a wrong command form, and REPORT-2026-08-04-01 section 126 had already predicted the remaining work as one boot, one capture, one parse-meas run. (2) EnvelopeForParser filtered to TOS64-MEAS/2 lines, correctly excluding the PRESENT beacon, and excluded TOS64-RESULT/1 as collateral -- but parse-meas exits 1 without a verdict line, so a PERFECT envelope of eleven metrics still failed. The general shape: a tool whose printed next step is wrong, and a filter whose exclusion list was defined by what it did not want rather than by what its consumer needs	Found 2026-08-05 while discharging STORY-P1-07-06 criterion 1 against a live board: the capture was correct on the first attempt and the printed command was not	Fixed 2026-08-05 in work/tools/ti64dink/Program.cs. The printed command is now positional, with the wrong form recorded in a comment so it is not reintroduced. EnvelopeForParser now appends any TOS64-RESULT/1 lines after the rotated envelope -- appended rather than rotated into place because a verdict is one terminal statement about the whole run, emitted after END, not a positional element of the cycle. STATED PLAINLY: fix (2) changes nothing on this bench, because the fixture emits its verdict once at completion and a late listener never sees it -- that is LE-76, and the honest reading of an exit 1 here is the envelope parsed and the verdict was never on the wire in this window, which is a different finding from the parse failed	owned	closed	hand-2026-08-05/05A session	hand-2026-08-05/05A session
LE-80	A rung the kernel stamps can be invisible to the host decoder, and the failure presents as THE BOARD NOT DOING THE THING. kernel::spoor_stream::Rung is mirrored in TWO places in work/tools/ti64dink/Program.cs, and on 2026-08-05 both were stale in the same way. (1) The rung name table stopped at ThermalSample=8 while the kernel had added DispatchRound=9, under a doc comment asserting it is 'one table for both directions ... so the two cannot drift apart' -- an assertion with no test behind it, which had drifted. (2) A SECOND, separate hand-kept list guarded which categories carry a rung (cat is 6 or 7 or 10 -- Boot, Fault, Thermal), written before DispatchRound existed and never updated; Dispatch was absent from it. Each produced one visible defect and the second is far worse: the decoder printed target=9 for a record it could have named, and `ti64dink --until rung=DispatchRound` watched 300 SECONDS of DispatchRound records and exited 1 AS A TIMEOUT. A watch that reports a live event as an absence is worse than one that cannot parse at all, because the operator concludes the board is broken and goes looking there. That command is the one hand-2026-08-05/07A section 1 printed as the next session's first act, so the mandate as written could not have succeeded. The general shape: a host-side mirror of a kernel vocabulary, duplicated within the host, guarded by a category allowlist rather than by the vocabulary itself	Found 2026-08-05 during the FEAT-P1-11 board run: DispatchRound was on the wire one per beat and the tool could neither name it nor wait for it	Fixed 2026-08-05: the rung table now carries the (target, name, category, action) TRIPLE mirroring kernel Rung::category_action(), the renderer and the watch both resolve through it, and the second allowlist is deleted. A rung is named only when the id AND the declared pair agree, so a task index on another path cannot masquerade as a rung (no rung has id 0). Verified in the correct direction, per 07A section 4's rule: the failure was observed first (300 s, exit 1, on a stream full of the event) and the fix then observed succeeding (exit 0 within ~5 records) against the SAME live board. NOT CLOSED BY THE FIX: nothing yet FAILS when the kernel adds a rung and the host does not learn it. The parity test guarding the hal-arm64/kernel pair has no counterpart across the Rust/C# boundary, so this row stays open on the general defect -- a generated table, or a test reading the Rust source, is the real close	unowned	open	hand-2026-08-05/08A session	-
LE-81	tos64-netboot CRASHED ON THE FIRST PACKET IT EVER ANSWERED, and the mechanism is a fail-safe violation rather than a configuration mistake. It resolves its own server address at STARTUP via GuessLinkLocalAddress(), but the bench link comes up when the BOARD does -- so on a run started before power-on, no interface is Up with a 169.254/16 address, the guess returns IPAddress.Any, the tool prints 'server address : 0.0.0.0', offers siaddr 0.0.0.0, and then throws SocketException 10065 (no route to host) sending the broadcast reply from a socket bound to 0.0.0.0 across a host holding five IPv4 addresses. The throw was UNHANDLED inside DhcpLoop, so the entire server died on the first DISCOVER it received -- from the one MAC it exists to answer. agent.md rule 6 is fail-safe over keep-trying; a bench tool that exits on one failed send, when the client will retry DISCOVER anyway, is neither. The general shape: a program that samples an environment fact once, at the moment that fact is least likely to be true, and treats a recoverable I/O failure as fatal	Found 2026-08-05 arming the netboot for the FEAT-P1-11 power cycle, on the first DHCP DISCOVER the board sent	Fixed 2026-08-05 in work/tools/netboot/Program.cs: the address is re-resolved on link-up (at the moment a DISCOVER proves the link is live) rather than only at startup; the reply is sent from a socket bound explicitly to the bench address so the stack cannot choose the Bluetooth or WiFi route for a broadcast; and a send failure now costs ONE REPLY and is reported, never the session. Verified by the run that followed: config.txt and kernel8.img served, 578 blocks, transfer complete, TinyOS booted with no SD card in the board. STAYS OPEN on the untested half: only the success path has now been exercised, and the recovery path (a send that fails and a retry that then succeeds) has never been driven -- the same 'only shown to succeed' criticism this session applied to STORY-P1-09-01 and -02	owned	open	hand-2026-08-05/08A session	-
LE-82	Rung::FaultTaken IS DECLARED IN BOTH VOCABULARIES AND STAMPED BY NOTHING, so a fault on this board leaves no audit record at all. Discriminant 7 exists in kernel::spoor_stream::Rung and in hal_arm64::spoor::Rung, the two agree in the parity test, the value is on the wire's append-only list, and a repository-wide search finds NO CALL SITE -- its only appearances are the round-trip and parity tests that prove the vocabulary is closed and consistent. STORY-P1-07-02 criterion 5 requires that every fault report be a spoor carrying category/actor/action/outcome and the faulting context identity, and carrying NO register content or faulting address per PD-12, with the full frame going to the bounded serial report instead -- the split STORY-P1-02-01 established on x86_64, which this Story exists to test for architecture-independence. Today a fault paints a decoded frame on the canvas and produces no audit atom, so that split has not in fact been shown to survive the second architecture. This is LE-73's exact class -- a name joined to the spine with no caller behind it -- and it reads as delivered from every direction except the one that looks for a call site: host tests pass, the parity test passes, the discriminant is reserved. BOARD VERDICT 8 could not have exposed it either way, because that mmu-fault boot predates spoor egress entirely (first spoor-emitting image b44040659702, BOARD VERDICT 9)	Found 2026-08-05 by 06A section 4.1's closing pass, reading STORY-P1-07-02 criterion 5 against the code rather than against its own Status header, which had claimed the host-testable half Green since 2026-07-28	Stamp the rung at the fault-report site in hal-arm64, test-first, with the PD-12 clause asserted by construction -- the spoor carries category/actor/action/outcome and a context identity and MUST NOT carry ESR, FAR, ELR or SPSR, which is the half a test can get wrong silently by simply not looking. Then one mmu-fault boot on a spoor-emitting image makes criterion 5 and its PD-12 no-register-content clause checkable OFF THE WIRE in a single capture -- stronger evidence than the host test alone, and available for the cost of one power cycle. Until then STORY-P1-07-02 stays In progress with this as its single named missing thing	unowned	open	hand-2026-08-05/08A session	-
LE-83	The headline statistic 06A section 6 chose to judge sessions by COUNTED THE WRONG NOUN. The dashboard tile reads 'Release gates with dated evidence' over a denominator of gates in play (460), and guardrail_evidence_count was implemented as the number of ROWS in guardrail-evidence.tsv. Those are different quantities by design: the register's unit is the (guardrail, story) pair, and two Stories that both select a domain each legitimately file their own row for the same gate -- the duplicate check permits exactly that and should. So the numerator inflates against a fixed denominator whenever a domain is POPULAR rather than when evidence is ADDED. Observed 2026-08-05 by causing it: filing PERF-D07-G11 for STORY-P1-10-02 and -04, a gate STORY-P0-03-01 had already evidenced, moved the published figure from 11 to 22 while covering nine new gates, and the session handover reported the inflated number before the defect was found. The doc comment on the field had said 'a count of gates that have evidence' since it was written, so the code and its own documentation disagreed and the documentation was right	Found 2026-08-05 while preparing the assurance-release-status analysis for handover 09A: the register held 22 rows over 20 distinct gates	Fixed 2026-08-05: the published count is now the distinct guardrail_id set rather than the (guardrail, story) pair set, with two tests -- one asserting the published figure equals the gate count and differs from the row count, and one GUARD asserting the committed register still contains a gate with more than one row, so that if that ever stops being true the test says so instead of passing for the wrong reason. GENERAL SHAPE, worth more than the fix: a ratio whose numerator and denominator count different things reads as progress and is not. The same question should be asked of every other x/y tile on the dashboard	owned	closed	hand-2026-08-05/09A session	hand-2026-08-05/09A session
LE-84	The assurance release status has no machine-readable decomposition, so every session that wants to know what is actually blocked re-derives it by hand and the answer lives only in prose. The dashboard publishes 20/460 and 0/97 and nothing anywhere says that 230 of the 460 are in domains whose subsystem does not exist, that all 46 in-play hardware-only gates are inside that 230, that 10 of the 20 G04 are too, or that 220 remain of which roughly 70 need a mechanism built rather than a measurement taken. Handover 09A computed all of it and its FIRST PRINTING OF THE LEDGER DID NOT RECONCILE -- it subtracted three overlapping buckets and produced 164 where the answer is 220 -- which is the argument for deriving it rather than writing it down. xtask already owns the pieces: performance_catalogue::release_gate_reach computes the Host-T0 versus board split, validate_open_debt knows which domains are non-implemented readiness, and validate_guardrail_evidence knows which gates carry rows. Nothing joins them and prints the nesting	Raised 2026-08-05 in handover 09A section 10, immediately after the same session found LE-83 -- a published ratio whose numerator and denominator counted different nouns -- and after the 09A ledger itself had to be corrected by the owner	Closed 2026-08-06: cargo run -p xtask -- assurance-status, implemented in os/src/xtask/src/assurance/release_status.rs. It joins domain_readiness, release_gates and the evidence register and prints the nesting NESTED RATHER THAN SUBTRACTED, with a test asserting every parent equals the sum of its children -- so the class of error that made 09A print 164 for 220 is unavailable rather than merely unlikely. Three claims that were prose are now tests: 09A section 3 (zero hardware-only gates in any implemented in-play domain, so the board unblocks nothing on this register), the decomposition total pinned to the authoritative spine walk so a second reader of the same TSVs cannot drift from the first (LE-83 shape), and a ratchet on evidence coverage rather than a pin on figures that are supposed to move. The subcommand also surfaces the two things the register cannot say: the unevidenced-because-UNBUILT split, and the reasoned refusal, which is now a real evidence_kind. NOT FULLY DISCHARGED IN ONE RESPECT AND THE OUTPUT SAYS SO: readiness is per domain and there is no per-guardrail readiness column, so the ~70 unbuilt-mechanism gates come from a hand-declared list of seven guardrails in the module source. That is a judgement in one reviewable place instead of re-made per session; the real fix is a catalogue column	owned	closed	hand-2026-08-05/09A session	hand-2026-08-06/01A session
LE-85	STORY-P1-06-01's decision-to-actuation path is proven in a FIXTURE and has never run on the shipping os image, and the loose end its own Report promised for exactly this was never filed -- owed since 2026-07-29. REPORT-2026-07-29-02's What is not claimed section states the fixture-only shape is an unregistered loose end owed the moment theirs lands, blocked at the time by loose-end id contiguity against a concurrent session. Ids now run past LE-84 and no actuation row exists. Two further facts the Feature document does not state, both found by checking rather than reading. STORY-P1-06-01 holds ZERO rows in guardrail-evidence.tsv -- not one of the 460, not even the PERF-D03-G20 it measured -- so in the register this Feature is indistinguishable from one nobody started; that is honest, because the Report read G20 against its target and REFUSED it at 55 percent run-to-run p99 CV, but the register cannot express the difference between never measured and measured, read against the target, and refused. And every line of this Feature's evidence is Tier 0 QEMU x86_64: hal-arm64 contains no actuation module and no OutputLine implementation, so the mechanism has never run on the architecture ADR 0004 designates as the real-time tier, and nothing anywhere says so	Found 2026-08-05 by handover 09A section 11 while answering whether FEAT-P1-06 is technically complete: the Tier 0 evidence re-derived and reproduced seven days and one TOS64 rename later, and the promised registration had not happened	Three parts, none of which needs the owner or an unbuilt Feature. (1) This row, which discharges the promise itself. (2) An ARM64 OutputLine backend over RP1 GPIO, which is the one that matters most and fits the sprint already running -- the arch-neutral trait was built so a Pi 5 backend could slot in and nothing has. (3) Move the path onto the shipping os image so the claim stops being fixture-only. The under-hostile-load half stays blocked on FEAT-P1-05 and the bound half on qualification; neither is this row. PROGRESS 2026-08-06 (hand-2026-08-06/01A): parts 1 and 2 of the three are now done. Part 1, this row, discharged the promise. Part 2, the ARM64 backend, is hal_arm64::actuation::Rp1CommandLines -- eight RP1 bank-0 GPIOs (20..27) driven as one byte-wide command bus through the sys_rio0 XOR alias against a shadow, so a byte is ONE store rather than a SET-then-CLEAR pair whose transient would be a real intermediate command on an actuator bus. Filed as STORY-P1-06-02 with its own contract row; seven host tests through a recording MMIO window, check-boot-images compiles and lints it for AArch64, and the glitch-ordering test was SEEN TO FAIL (claim sequence temporarily inverted to funcsel-first) before it was trusted, per ADR 0005. Also done, separately: the zero-guardrail-rows half, which is no longer true -- STORY-P1-06-01 now holds a PERF-D03-G20 row of kind REFUSED, the new evidence_kind that lets the register record measured-read-against-the-target-and-declined without counting it. STAYS OPEN on two things: NOTHING HAS RUN ON SILICON (STORY-P1-06-02 criterion 4, one power cycle), and the path is still fixture-only and has never run on the shipping os image, which is the LE-20 shape this row was originally owed for	unowned	open	hand-2026-08-05/09A session	-
LE-86	Handover 09A section 8 step 1 instructed the next session to file PERF-Dnn-G09 evidence "against the 8 MB image ceiling CI already computes", describing it as REGISTRATION RATHER THAN MEASUREMENT. It is neither. G09 target column reads "feature code plus read-only data delta <= 96 KiB" for D01, <= 16 KiB for D03, <= 24 KiB for D05, <= 128 KiB for D09, <= 256 KiB for D24 -- a PER-FEATURE code-and-rodata delta, per domain. What xtask check-image-size computes is the size of the WHOLE os image against an 8 MiB ceiling, and it names a different gate entirely, G-DX-8. The two are not the same measurement, are not in the same units, and differ by three orders of magnitude. So G09 is unmeasured rather than unregistered, and measuring it needs per-feature section attribution that does not exist: nothing in the build assigns .text and .rodata bytes to the feature that introduced them. THE DEFECT IS 09A SECTION 5 COMMITTED BY 09A ITSELF, in the instruction telling the next session to avoid it -- section 5 rule is that a measurement taken without first reading the gate target column is a measurement that will need retaking, and step 1 proposed filing a measurement against a gate whose target it had not read. G17 cold start, named in the same paragraph as another gate whose evidence "very likely already exists in CI output", is not audited here and may be the same shape	Found 2026-08-06 executing 09A section 8 step 1: the first act was to read the target column the step had not, and the step did not survive it	Two separable questions, and only the second is expensive. (1) Withdraw the instruction so no later session files a whole-image number against a per-feature target -- done in hand-2026-08-06/01A section 2, and this row is the machine-readable half. (2) Decide whether per-feature footprint attribution is worth building at all: it needs a per-feature symbol-to-section map and a baseline to delta against, it is 10 of the 129 measurable-today gates by itself, and it is the only one of them that needs new build machinery rather than a fixture run. Audit G17 the same way before trusting it either	unowned	open	hand-2026-08-06/01A session	-
LE-87	TWO tos64-netboot INSTANCES CAN BIND UDP 69 AT ONCE AND THE STALE ONE WINS, so a board netboots an image nobody meant to serve while the new server logs a clean DHCP exchange and looks healthy. Observed 2026-08-06: an instance started 05/08 22:00 was still running from the previous session; the instance started 06/08 00:52 answered DHCP (OFFER and ACK both logged, both correct) and the OLD one received every TFTP RRQ and served ITS root. The board booted a stale kernel8.img and emitted a complete, plausible, entirely wrong envelope -- metrics=11 where the tree said 12 -- and the only reason it was caught is that a metric was MISSING by name rather than merely different by value. The mechanism is SO_REUSEADDR: the tool sets it on both the DHCP and TFTP sockets, so a second bind succeeds silently and Windows delivers each datagram to one socket. netstat showed two PIDs on :69 while Get-NetUDPEndpoint reported only one, which is why a first look did not find it. GENERAL SHAPE, and it is the one worth keeping: the tool reported success for the half it did (DHCP) and was silent about the half it never received (TFTP), so every visible signal said the run was good. Same family as LE-80 -- a bench tool whose report and whose work had come apart	Found 2026-08-06 during the 01A board session, after a boot produced an envelope with the RIGHT shape and the WRONG metric count; three cycles were spent before the port collision was located	Two parts, both done 2026-08-06 in hand-2026-08-06/02A, and the session's own bench state proved the first was needed. (1) REFUSES TO START WHEN THE PORT IS HELD. Both UDP 67 and UDP 69 are now bound WITHOUT SO_REUSEADDR in Main, BEFORE either loop's thread starts, and a bind that fails ends the run with exit code 3 naming every holding PID and process name from netstat -ano -p UDP. Binding inside each loop was the mechanism by which the tool could answer DHCP correctly while a stale instance served TFTP: one half succeeded, the other was never reached, and every visible signal said the run was good. netstat and not Get-NetUDPEndpoint, because netstat is what showed the two PIDs. (2) THE SERVED FILE'S SHA256 AND ABSOLUTE PATH ON EVERY TRANSFER, full digest rather than a prefix, because the question the line answers is a comparison against a digest the operator has in another window. Verified live in both directions per ADR 0005: one instance starts and prints 'ports held ... exclusively', a second exits 3 naming the first; /config.txt serves 45 bytes at sha256 acde9d81... and /kernel8.img serves 295897 bytes at 05f3495c..., both matching sha256sum exactly, while ../../../secrets.txt is still REFUSED. TESTS, WHICH THIS TOOL HAD NONE OF: work/tools/netboot.tests, 23 xunit tests, the first test project for any bench tool under work/tools. They include the PLATFORM SEMANTIC that made the defect possible -- with SO_REUSEADDR a second bind of a held port succeeds silently, without it the same bind raises AddressAlreadyInUse -- which is the LE-66 shape stated as a test rather than remembered. Both detectors were SEEN TO FAIL before being trusted: reinstating SO_REUSEADDR and reinstating the naive Path.Combine turned exactly five tests red, the exclusivity one and the four LE-88 spellings. AND THE DEFECT REPRODUCED ITSELF MID-FIX: at 01:39 two more pre-fix instances were started ten seconds apart and both held UDP 67 AND UDP 69 simultaneously, which is this row's collision happening again while the fix for it was being written	owned	closed	hand-2026-08-06/01A session	hand-2026-08-06/02A session
LE-88	tos64-netboot REFUSED A LEGITIMATE TFTP REQUEST AS A PATH TRAVERSAL, and the failure presented as a kernel fault on the board. The Pi 5 firmware fetches config.txt bare at one boot stage and /config.txt -- with a leading slash -- at a later one. TFTP has no concept of an absolute path, so a leading slash is a client spelling the root, not escaping it; but Path.Combine(root, "/config.txt") DISCARDS the root and yields C:\config.txt, which the traversal guard then correctly refused. The later stage therefore never received its settings, pciex4_reset=0 among them, so the firmware reset the RP1 PCIe link. TinyOS then reported the honest consequence and reported it well: confession code 2 (LinkAbsent::PhyDown) with detail 0xE080 -- PORT_IS_RC set, PHY_LINK_UP clear -- which decodes to the PCIe link between BCM2712 and RP1 never training, and since RP1 carries the Ethernet the board went silent. The kernel was blameless and said so precisely; the log line that mattered read REFUSED: outside the tftp root and was six lines above the boot that failed. GENERAL SHAPE: a tool that refuses valid work and logs the refusal as a SECURITY event sends the operator to look at the wrong subsystem, because a security refusal reads as deliberate	Found 2026-08-06 on the 01A board session by decoding the board's own confession code and then reading the TFTP log backwards from it	Fixed 2026-08-06 in work/tools/netboot/Program.cs: the requested name is normalised root-relative -- separators unified and leading separators stripped -- before it is combined with the root, and the traversal guard is unchanged behind it. Verified in BOTH directions before it was trusted, per ADR 0005: /config.txt went REFUSED to serving 45 bytes, and ../../../secrets.txt is still REFUSED. Then confirmed on the board -- the firmware fetched /config.txt twice to completion, the RP1 link trained, and the same image that had produced confession code 2 came up on the wire	owned	closed	hand-2026-08-06/01A session	hand-2026-08-06/01A session
LE-89	THE BOARD MEASURED PERF-D07-G23 CORRECTLY AND THE TRANSPORT DROPPED THE ANSWER. hal_arm64::transcript's TRANSCRIPT_CAPACITY was a hand-picked 2048 bytes under a doc comment reading 'the envelope is ~11 lines of <= 140 bytes'. Adding a twelfth metric -- the G23 spoor-enabled arm, whose name pool_u64x64_alloc_free_round_trip_per_op_of_8_spoored is the longest in the set and whose line is 169 bytes on the wire -- pushed the envelope past 2048. The buffer dropped the overflow exactly as designed, so the arm's line reached the host carrying its NAME AND NONE OF ITS NUMBERS and the END metrics=12 line never arrived at all. The fixture had run correctly on silicon; a reader comparing the two arms would have found one of them absent. THE DESIGN IS WHY THIS WAS DIAGNOSABLE IN ONE CAPTURE: the buffer's own doc promises 'overflow is dropped, never wrapped -- a truncated transcript reads as truncated, a wrapped one lies', and a wrapped buffer would have produced a plausible envelope with a wrong tail instead. GENERAL SHAPE: a capacity that is a constant BESIDE its consumers rather than a function OF them goes stale the moment anyone adds a line, and nothing fails until a board run does	Found 2026-08-06 on the 01A board session, in the first capture where the G23 pair should have been readable: the spoored metric's name arrived and its percentiles did not	Fixed 2026-08-06: TRANSCRIPT_CAPACITY is now DERIVED as MAX_LINES * MAX_LINE_BYTES, so a full-length transcript cannot overflow it by construction, and MAX_LINE_BYTES is 256 rather than a snug fit over the observed 169 -- the thing that grows is the metric NAME, and a bound with 20 bytes of headroom is one rename from the failure it exists to prevent (owner's call on the constant). Two tests guard it and BOTH WERE SEEN TO FAIL against the old 2048 before being trusted: one records MAX_LINES lines of MAX_LINE_BYTES and asserts the LAST line survives whole, because truncation eats the tail first; one replays the exact twelve-metric envelope that broke it. Confirmed on the board: the same fixture then delivered all twelve metrics and END metrics=12, parsed by the unchanged xtask parser	owned	closed	hand-2026-08-06/01A session	hand-2026-08-06/01A session
LE-90	TOS64-NETBOOT'S LOG DID NOT REACH THE FILE THE OPERATOR WAS READING. Redirected stdout in .NET is buffered at 4 KiB and flushed on exit, and a netboot server does not exit -- so a bench session that redirects the tool to a log file and tails it in another window saw the first five banner lines and NOTHING AFTERWARDS: not the DHCP OFFER and ACK, not a single TFTP RRQ, not the served file's digest, all of which exist to be read WHILE the board is booting. Measured directly: 240 bytes on disk with the process live and more than 240 bytes written. THE SAME FAMILY AS THE DEFECT IT WAS FOUND VERIFYING -- LE-87, LE-80 and LE-81 are all a bench tool doing its work while its report failed to arrive, and this one silences the very sha256 line LE-87 was fixed by adding. It also explains part of why LE-87 cost three power cycles: an operator comparing two servers' logs could only ever see one of them, whichever had most recently exited	Found 2026-08-06 in hand-2026-08-06/02A while verifying the LE-87 fix through a redirected log: the 'ports held' line the fix prints was absent from the file while the process holding the ports was demonstrably running	Fixed 2026-08-06: Program.Main's first statement replaces Console.Out and Console.Error with AutoFlush writers over the standard handles, so a redirected log is line-current rather than 4 KiB-current. Verified live -- the same redirect that showed five lines now shows the full banner including the ports-held line two seconds after start, and every TFTP request and digest line appears as it happens. NOT AUDITED ELSEWHERE, AND THAT IS THE OPEN HALF: work/tools holds six other C# bench tools (cardswap, imgwrite, linkwatch, sdprep, serialwatch, ti64dink) and none was checked for the same buffering; any of them that is ever run with redirected output has it	unowned	open	hand-2026-08-06/02A session	-
LE-91	NOTHING MACHINE-CHECKS WHICH PERFORMANCE DOMAIN A FIXTURE METRIC IS LABELLED WITH, so a metric can be labelled to fit the contract its Story happens to select rather than to name its own subject -- and when that happens the number is never read against the gate whose subject it is. Demonstrated: fixture_measure_arm64 emitted spoor_stamp_park_rung_per_op_of_8, spoor_drain_full_ring_frame_of_181 and spoor_announce_certificate_frame_of_3 with domain=D07 from 2026-08-05 to 2026-08-06 because STORY-P1-10-02's contract selected only D07. D07 is fixed-capacity pool allocation; D11 is spoor stamp and journal, which is exactly and only what those three measure. The numbers were on the wire, quoted in a Report, a handover and the Story's own status header, and NOT ONCE COMPARED TO D11'S TARGETS -- which the stamp misses by 1.90x at the median (PERF-D11-G01, filed 2026-08-06). The label is what decides which target column a measurement is read against, so a wrong label is not a naming defect, it is an unread gate. GENERAL SHAPE, and it is 09A section 5 one level up: that rule says read the target column before measuring, and this says you cannot read the right target column if the domain label is chosen by what the contract already selects	Found 2026-08-06 in hand-2026-08-06/02A executing the 01A mandate's second item, which had identified the mislabel itself; the missing MECHANISM is this row, since correcting three labels by hand leaves the next one free to be wrong the same way	The check needs a metric-to-Story map that does not exist: one fixture's metrics serve several Stories at once (fixture_measure_arm64 alone emits REF, D02, D04, D05, D07 and D11) while list-fixtures maps a whole fixture to ONE owning TEST, so fixture-domains-subset-of-owning-story-contract is not the rule and would be wrong if asserted. What is buildable: declare per metric its domain AND its owning Story at the collect site, have xtask parse the collect calls out of the fixture sources so the declaration cannot drift from the code the way LE-80's mirror did, and assert each metric's domain is selected by its named Story's contract. That turns a bent label into a build failure. Estimate one session, and it closes a class rather than an instance	unowned	open	hand-2026-08-06/02A session	-
LE-92	NO LOCAL GATE COMPILES THE x86_64 KERNEL BINARY, so a type error in a Tier 0 fixture reaches CI even when every documented pre-push command is green. Demonstrated 2026-08-06 on commit fb3f36c: fixture_measure.rs declared METRICS = 9 for the new PERF-D07-G23 spoor-enabled arm and left an eight-element [None, None, ...] literal beside it, and CI's first QEMU job died on E0308 expected an array with a size of 9, found one with a size of 8. THE GAP IS EXACTLY LE-72'S, MIRRORED. check-boot-images was built because nothing local compiled for AArch64 and three pushes went out green and came back red; it builds the featureless AArch64 image and every registered fixture. Nothing does that for x86_64: cargo test -p kernel builds HOST tests, check-lints lints the host target, fmt reads text, and the only thing that compiles src/kernel for the custom x86_64-tinyos.json spec is xtask measure and its siblings, which need QEMU and are therefore CI-side. So the whole Tier 0 fixture set -- 18 features plus featureless -- is unbuilt locally by every gate a session is told to run. The general shape: a gate written for one architecture after one incident does not generalise itself, and the second architecture keeps the hole the first one closed	Found 2026-08-06 in hand-2026-08-06/02A by pushing and watching the run, per LE-64's rule; the local gate set including check-boot-images was green on the same tree that failed to compile	Mirror check-boot-images for x86_64: one xtask subcommand that builds src/kernel for targets/x86_64-tinyos.json featureless and once per registered fixture feature, with no QEMU and no run -- compilation only, which is what the defect class needs. It is a loop over the same feature list list-fixtures already knows, and it took under two minutes to run by hand for all 19 variants while verifying the fix. Until it exists the honest instruction is the one that caught this: push, then watch the run. Also worth pairing: the literal that broke was a second declaration of a count the type already carried; the AArch64 fixture beside it uses [const { None }; METRICS] and could not have failed this way, and the fix adopts that form	unowned	open	hand-2026-08-06/02A session	-
